{
    "sIBS": {
        "Corr": 0.27544894963620153,
        "AvgMM": 0.835038773634574,
        "MMvec": [
            0.905980621190759,
            0.023095754872389917
        ],
        "MMdir": [
            0.7074171542544606,
            0.0652191086140404
        ],
        "MMlen": [
            0.8941850382574174,
            0.03584480594129233
        ],
        "MMpos": [
            0.8325722808356594,
            0.0396071103941957
        ]
    },
    "nnIBS": {
        "Corr": 0.3950798910617284,
        "AvgMM": 0.8390766717758553,
        "MMvec": [
            0.9100242896986702,
            0.021161346438341586
        ],
        "MMdir": [
            0.7105541420031969,
            0.06150699276838969
        ],
        "MMlen": [
            0.8990447971492922,
            0.03218347268299111
        ],
        "MMpos": [
            0.8366834582522618,
            0.04101816000759575
        ]
    },
    "cIBS": {
        "Corr": 0.41146054793216064,
        "AvgMM": 0.837912558634814,
        "MMvec": [
            0.9096909831607316,
            0.021117841362271537
        ],
        "MMdir": [
            0.7100477433521691,
            0.06414469260874933
        ],
        "MMlen": [
            0.8972741037684777,
            0.03354873045260023
        ],
        "MMpos": [
            0.8346374042578775,
            0.03893423285421381
        ],
        "AUChsp": 0.695,
        "NSShsp": 0.775,
        "IGhsp": -0.392
    }
}