{
    "Humans": {
        "AUCperf": 0.42,
        "AvgMM": 0.852,
        "MMvec": [
            0.924,
            0.013
        ],
        "MMdir": [
            0.729,
            0.05
        ],
        "MMlen": [
            0.916,
            0.018
        ],
        "MMpos": [
            0.839,
            0.033
        ]
    },
    "nnIBS": {
        "AUCperf": 0.451,
        "Corr": 0.3935050559890975,
        "AvgMM": 0.842,
        "MMvec": [
            0.912,
            0.021
        ],
        "MMdir": [
            0.712,
            0.059
        ],
        "MMlen": [
            0.903,
            0.032
        ],
        "MMpos": [
            0.84,
            0.036
        ],
        "AUChsp": 0.696,
        "NSShsp": 0.945,
        "IGhsp": 0.876,
        "LLhsp": 0.186
    },
    "sIBS": {
        "AUCperf": 0.467,
        "Corr": 0.2913446599532845,
        "AvgMM": 0.837,
        "MMvec": [
            0.909,
            0.021
        ],
        "MMdir": [
            0.705,
            0.064
        ],
        "MMlen": [
            0.9,
            0.031
        ],
        "MMpos": [
            0.836,
            0.037
        ],
        "AUChsp": 0.689,
        "NSShsp": 0.921,
        "IGhsp": 0.868,
        "LLhsp": 0.178
    },
    "cIBS": {
        "AUCperf": 0.426,
        "Corr": 0.37948413985789714,
        "AvgMM": 0.838,
        "MMvec": [
            0.914,
            0.021
        ],
        "MMdir": [
            0.703,
            0.067
        ],
        "MMlen": [
            0.901,
            0.032
        ],
        "MMpos": [
            0.834,
            0.036
        ],
        "AUChsp": 0.7,
        "NSShsp": 0.953,
        "IGhsp": 0.883,
        "LLhsp": 0.193
    },
    "center_bias": {
        "AUChsp": 0.665,
        "NSShsp": 0.714,
        "IGhsp": 0.0,
        "LLhsp": -0.407
    },
    "uniform": {
        "AUChsp": 0.5,
        "NSShsp": 0.0,
        "IGhsp": 0.407,
        "LLhsp": 0.0
    },
    "gold_standard": {
        "AUChsp": 0.86,
        "NSShsp": 1.863,
        "IGhsp": 1.834,
        "LLhsp": 1.427
    }
}