{
    "Humans": {
        "AUCperf": 0.42,
        "AvgMM": 0.853,
        "MMvec": [
            0.924,
            0.013
        ],
        "MMdir": [
            0.731,
            0.05
        ],
        "MMlen": [
            0.916,
            0.017
        ],
        "MMpos": [
            0.839,
            0.032
        ]
    },
    "cIBS": {
        "AUCperf": 0.521,
        "Corr": 0.25471658319949203,
        "AvgMM": 0.839,
        "MMvec": [
            0.909,
            0.021
        ],
        "MMdir": [
            0.713,
            0.059
        ],
        "MMlen": [
            0.897,
            0.033
        ],
        "MMpos": [
            0.835,
            0.038
        ],
        "AUChsp": 0.695,
        "NSShsp": 0.942,
        "IGhsp": 0.876,
        "LLhsp": 0.185
    },
    "sIBS": {
        "AUCperf": 0.56,
        "Corr": 0.11184400225393286,
        "AvgMM": 0.836,
        "MMvec": [
            0.905,
            0.023
        ],
        "MMdir": [
            0.713,
            0.063
        ],
        "MMlen": [
            0.894,
            0.035
        ],
        "MMpos": [
            0.832,
            0.038
        ],
        "AUChsp": 0.687,
        "NSShsp": 0.927,
        "IGhsp": 0.866,
        "LLhsp": 0.176
    },
    "nnIBS": {
        "AUCperf": 0.534,
        "Corr": 0.28549399888118,
        "AvgMM": 0.84,
        "MMvec": [
            0.91,
            0.021
        ],
        "MMdir": [
            0.715,
            0.056
        ],
        "MMlen": [
            0.9,
            0.03
        ],
        "MMpos": [
            0.836,
            0.038
        ],
        "AUChsp": 0.697,
        "NSShsp": 0.943,
        "IGhsp": 0.922,
        "LLhsp": 0.232
    },
    "center_bias": {
        "AUChsp": 0.665,
        "NSShsp": 0.55,
        "IGhsp": 0.0,
        "LLhsp": -0.407
    },
    "uniform": {
        "AUChsp": 0.5,
        "NSShsp": 0.0,
        "IGhsp": 0.407,
        "LLhsp": 0.0
    },
    "gold_standard": {
        "AUChsp": 0.86,
        "NSShsp": 1.824,
        "IGhsp": 1.834,
        "LLhsp": 1.427
    }
}