{
    "Humans": {
        "AUCperf": 0.42,
        "AvgMM": 0.852,
        "MMvec": [
            0.925,
            0.013
        ],
        "MMdir": [
            0.73,
            0.049
        ],
        "MMlen": [
            0.916,
            0.017
        ],
        "MMpos": [
            0.838,
            0.029
        ]
    },
    "IVSN": {
        "AUCperf": 0.647,
        "Corr": 0.22978089469006482,
        "AvgMM": 0.792,
        "MMvec": [
            0.869,
            0.052
        ],
        "MMdir": [
            0.688,
            0.078
        ],
        "MMlen": [
            0.827,
            0.097
        ],
        "MMpos": [
            0.785,
            0.065
        ],
        "AUChsp": 0.594,
        "NSShsp": 0.765,
        "IGhsp": -2.188,
        "LLhsp": -2.577
    },
    "nnIBS": {
        "AUCperf": 0.534,
        "Corr": 0.2854661162773371,
        "AvgMM": 0.84,
        "MMvec": [
            0.91,
            0.021
        ],
        "MMdir": [
            0.715,
            0.056
        ],
        "MMlen": [
            0.9,
            0.03
        ],
        "MMpos": [
            0.836,
            0.038
        ],
        "AUChsp": 0.697,
        "NSShsp": 0.943,
        "IGhsp": 0.922,
        "LLhsp": 0.232
    },
    "IRL": {
        "AUCperf": 0.236,
        "Corr": -0.09791827093778949,
        "AvgMM": 0.795,
        "MMvec": [
            0.885,
            0.035
        ],
        "MMdir": [
            0.651,
            0.062
        ],
        "MMlen": [
            0.853,
            0.055
        ],
        "MMpos": [
            0.791,
            0.052
        ],
        "AUChsp": 0.583,
        "NSShsp": 0.523,
        "IGhsp": -4.898,
        "LLhsp": -5.558
    },
    "center_bias": {
        "AUChsp": 0.665,
        "NSShsp": 0.714,
        "IGhsp": 0.0,
        "LLhsp": -0.407
    },
    "uniform": {
        "AUChsp": 0.5,
        "NSShsp": 0.0,
        "IGhsp": 0.407,
        "LLhsp": 0.0
    },
    "gold_standard": {
        "AUChsp": 0.86,
        "NSShsp": 1.863,
        "IGhsp": 1.834,
        "LLhsp": 1.427
    },
    "eccNET": {
        "AUCperf": 0.607,
        "Corr": 0.18538033313710472,
        "AvgMM": 0.829,
        "MMvec": [
            0.922,
            0.016
        ],
        "MMdir": [
            0.668,
            0.07
        ],
        "MMlen": [
            0.925,
            0.019
        ],
        "MMpos": [
            0.8,
            0.056
        ],
        "AUChsp": 0.618,
        "NSShsp": 0.832,
        "IGhsp": -2.221,
        "LLhsp": -2.568
    }
}