{
    "Humans": {
        "AUCperf": 0.42,
        "AvgMM": 0.852,
        "MMvec": [
            0.925,
            0.013
        ],
        "MMdir": [
            0.73,
            0.049
        ],
        "MMlen": [
            0.916,
            0.017
        ],
        "MMpos": [
            0.838,
            0.029
        ]
    },
    "IVSN": {
        "AUCperf": 0.647,
        "Corr": 0.2297808946900652,
        "AvgMM": 0.792,
        "MMvec": [
            0.869,
            0.052
        ],
        "MMdir": [
            0.688,
            0.078
        ],
        "MMlen": [
            0.827,
            0.097
        ],
        "MMpos": [
            0.785,
            0.065
        ],
        "AUChsp": 0.594,
        "NSShsp": 0.765,
        "IGhsp": -2.188,
        "LLhsp": -2.577
    },
    "nnIBS": {
        "AUCperf": 0.451,
        "Corr": 0.3929531233128132,
        "AvgMM": 0.842,
        "MMvec": [
            0.912,
            0.021
        ],
        "MMdir": [
            0.712,
            0.059
        ],
        "MMlen": [
            0.903,
            0.032
        ],
        "MMpos": [
            0.84,
            0.036
        ],
        "AUChsp": 0.726,
        "NSShsp": 0.981,
        "IGhsp": 0.956,
        "LLhsp": 0.266
    },
    "IRL": {
        "AUCperf": 0.236,
        "Corr": -0.09791827093778939,
        "AvgMM": 0.795,
        "MMvec": [
            0.885,
            0.035
        ],
        "MMdir": [
            0.651,
            0.062
        ],
        "MMlen": [
            0.853,
            0.055
        ],
        "MMpos": [
            0.791,
            0.052
        ],
        "AUChsp": 0.583,
        "NSShsp": 0.523,
        "IGhsp": -4.898,
        "LLhsp": -5.558
    },
    "center_bias": {
        "AUChsp": 0.665,
        "NSShsp": 0.714,
        "IGhsp": 0.0,
        "LLhsp": -0.407
    },
    "uniform": {
        "AUChsp": 0.5,
        "NSShsp": 0.0,
        "IGhsp": 0.407,
        "LLhsp": 0.0
    },
    "gold_standard": {
        "AUChsp": 0.86,
        "NSShsp": 1.863,
        "IGhsp": 1.834,
        "LLhsp": 1.427
    },
    "eccNET": {
        "AUCperf": 0.607,
        "Corr": 0.18574891004090371,
        "AvgMM": 0.829,
        "MMvec": [
            0.922,
            0.016
        ],
        "MMdir": [
            0.668,
            0.07
        ],
        "MMlen": [
            0.925,
            0.019
        ],
        "MMpos": [
            0.8,
            0.056
        ],
        "AUChsp": 0.618,
        "NSShsp": 0.832,
        "IGhsp": -2.221,
        "LLhsp": -2.568
    }
}