{
    "IVSN": {
        "Corr": 0.23370945772840337,
        "AvgMM": 0.7916509408525534,
        "MMvec": [
            0.8689098064307097,
            0.0523745892708959
        ],
        "MMdir": [
            0.6864732435922605,
            0.07825328064745751
        ],
        "MMlen": [
            0.8260653026848443,
            0.09741388553103128
        ],
        "MMpos": [
            0.7851554107023987,
            0.06437691211629819
        ],
        "AUC": 0.6470149253731342
    },
    "nnIBS": {
        "Corr": 0.27999702706108026,
        "AvgMM": 0.8391776654142667,
        "MMvec": [
            0.9103702913864233,
            0.0209757958690772
        ],
        "MMdir": [
            0.7129522328739716,
            0.05512936494930917
        ],
        "MMlen": [
            0.8988853231481464,
            0.03039236495886651
        ],
        "MMpos": [
            0.8345028142485255,
            0.038053805447045605
        ],
        "AUC": 0.5338308457711443
    },
    "IRL": {
        "Corr": -0.08128966314068908,
        "AvgMM": 0.7950490099557747,
        "MMvec": [
            0.8855189229069782,
            0.034759308321234694
        ],
        "MMdir": [
            0.6518113609550846,
            0.06316345787845441
        ],
        "MMlen": [
            0.8524626494365204,
            0.05556226542083039
        ],
        "MMpos": [
            0.7904031065245154,
            0.05038759580750432
        ]
    },
    "Humans": {
        "AUC": 0.4209539092629817,
        "AvgMM": 0.8518979965753496,
        "MMvec": [
            0.9251921786512494,
            0.012346056788179707
        ],
        "MMdir": [
            0.7286446660909984,
            0.04850179281506918
        ],
        "MMlen": [
            0.9158510370963278,
            0.01683344481130148
        ],
        "MMpos": [
            0.8379041044628226,
            0.02927372113859973
        ]
    }
}