{
    "img030.jpg": {
        "AUC": 0.6337152777777777,
        "NSS": 0.13057368136194944,
        "IG": -0.7914669742801197,
        "LL": -2.004045555149571
    },
    "img038.jpg": {
        "AUC": 0.5036526040103376,
        "NSS": 0.4148154905045312,
        "IG": -11.846910717913147,
        "LL": -12.940101462492711
    },
    "img104.jpg": {
        "AUC": 0.5434763144841271,
        "NSS": -0.022379042123926052,
        "IG": -5.2936201607637186,
        "LL": -3.6386947282294977
    },
    "img146.jpg": {
        "AUC": 0.4765059805645742,
        "NSS": 0.5122125560041176,
        "IG": -7.265510485322167,
        "LL": -7.880159354685543
    },
    "img182.jpg": {
        "AUC": 0.6054769332207895,
        "NSS": 0.8008238121912055,
        "IG": -7.011642765956617,
        "LL": -6.213349245690338
    },
    "img238.jpg": {
        "AUC": 0.629029513888889,
        "NSS": -0.002034905794394424,
        "IG": -1.824377825370947,
        "LL": -3.7875458118012038
    },
    "img028.jpg": {
        "AUC": 0.873029513888889,
        "NSS": 0.6834521047671599,
        "IG": 0.05771040917542975,
        "LL": 0.6027487256384194
    },
    "img051.jpg": {
        "AUC": 0.37371500352945664,
        "NSS": -0.3436643346147575,
        "IG": -3.4818917019937965,
        "LL": -3.9202380637864667
    },
    "img053.jpg": {
        "AUC": 0.4588552596853378,
        "NSS": 0.1310974656956206,
        "IG": -11.95803158694988,
        "LL": -13.523958689538649
    },
    "img056.jpg": {
        "AUC": 0.3466664040616247,
        "NSS": -0.1150113990861377,
        "IG": -14.012568350778768,
        "LL": -14.110978354185901
    },
    "img100.jpg": {
        "AUC": 0.8502925347222223,
        "NSS": 1.304919899554869,
        "IG": -0.5299166625515354,
        "LL": -0.09220199610953413
    },
    "img109.jpg": {
        "AUC": 0.5849019303902117,
        "NSS": 0.33565226208487825,
        "IG": -4.028750160246628,
        "LL": -4.056728169838602
    },
    "img137.jpg": {
        "AUC": 0.45878001790204304,
        "NSS": 0.5264870253661267,
        "IG": -10.815380766350183,
        "LL": -12.400842144563947
    },
    "img174.jpg": {
        "AUC": 0.22684395032051283,
        "NSS": -0.0994079324973217,
        "IG": -10.903718989937458,
        "LL": -10.25564409563014
    },
    "img061.jpg": {
        "AUC": 0.5831238969363971,
        "NSS": 0.1423604225741373,
        "IG": -5.984627892250507,
        "LL": -6.7291939290156915
    },
    "img062.jpg": {
        "AUC": 0.6614340672348485,
        "NSS": 0.07416959175329677,
        "IG": -8.049585917410786,
        "LL": -8.03479536707694
    },
    "img063.jpg": {
        "AUC": 0.5496350010867874,
        "NSS": 0.11168719803519028,
        "IG": -8.644865345536793,
        "LL": -9.69829909254046
    },
    "img067.jpg": {
        "AUC": 0.4378316670353417,
        "NSS": 0.07384432864288032,
        "IG": -12.200091690189137,
        "LL": -13.686295115340318
    },
    "img070.jpg": {
        "AUC": 0.57166224726867,
        "NSS": 0.3175732755659463,
        "IG": -7.638646072886162,
        "LL": -9.279807218056488
    },
    "img071.jpg": {
        "AUC": 0.7676649305555555,
        "NSS": 1.0789497844360172,
        "IG": -4.475324155946879,
        "LL": -3.642659179676001
    },
    "img077.jpg": {
        "AUC": 0.4913872577075702,
        "NSS": 0.6814455887808234,
        "IG": -5.0490192731914965,
        "LL": -6.1411260455894
    },
    "img096.jpg": {
        "AUC": 0.6249824897324897,
        "NSS": 0.11690031210398175,
        "IG": -7.154224442898693,
        "LL": -7.614656531113624
    },
    "img132.jpg": {
        "AUC": 0.6315652901785714,
        "NSS": 0.5073318948361724,
        "IG": -2.6118022401436902,
        "LL": -4.392233192604594
    },
    "img122.jpg": {
        "AUC": 0.47014705325311945,
        "NSS": 0.5628756080382158,
        "IG": -5.279682746843231,
        "LL": -7.076307802925522
    },
    "img140.jpg": {
        "AUC": 0.7515199130639099,
        "NSS": 1.5918801588891787,
        "IG": -3.002285056990854,
        "LL": -2.315099763154788
    },
    "img141.jpg": {
        "AUC": 0.868923611111111,
        "NSS": 2.889924232819283,
        "IG": -0.06200350361380818,
        "LL": -0.6993046705347393
    },
    "img029.jpg": {
        "AUC": 0.536554058810861,
        "NSS": 0.0992455234679439,
        "IG": -6.910251819436926,
        "LL": -6.921031029712628
    },
    "img089.jpg": {
        "AUC": 0.4897399418780192,
        "NSS": -0.14741078518368378,
        "IG": -7.0737731548182525,
        "LL": -6.865718796056547
    },
    "img136.jpg": {
        "AUC": 0.6307607886904762,
        "NSS": 0.27033849378908564,
        "IG": -3.618868917306906,
        "LL": -4.106011999253532
    },
    "img180.jpg": {
        "AUC": 0.7060908564814815,
        "NSS": 0.2031168874233965,
        "IG": -1.347564499089499,
        "LL": -2.36776295416823
    },
    "img058.jpg": {
        "AUC": 0.6124236598344069,
        "NSS": 0.13399457093799103,
        "IG": -4.082897309448838,
        "LL": -5.153079068205542
    },
    "img117.jpg": {
        "AUC": 0.711452730429293,
        "NSS": -0.04101403158213941,
        "IG": -5.464256968256667,
        "LL": -6.54301582394702
    },
    "img149.jpg": {
        "AUC": 0.5170381493506494,
        "NSS": -0.0276009817307473,
        "IG": -6.838421838217168,
        "LL": -7.4822433479731005
    },
    "img155.jpg": {
        "AUC": 0.6313151041666668,
        "NSS": -0.16528786241268875,
        "IG": -5.1901573039386015,
        "LL": -4.172207273745922
    },
    "img163.jpg": {
        "AUC": 0.6024806152665221,
        "NSS": 0.21481054989089846,
        "IG": -6.252757330714933,
        "LL": -6.682897928417685
    },
    "img175.jpg": {
        "AUC": 0.7377088293650794,
        "NSS": 0.6196501037747353,
        "IG": -3.515412714722155,
        "LL": -5.4534827819947775
    },
    "img224.jpg": {
        "AUC": 0.6134462677079865,
        "NSS": -0.08849532314368178,
        "IG": -8.141081958583625,
        "LL": -9.893052215680889
    },
    "img019.jpg": {
        "AUC": 0.5208246527777778,
        "NSS": 0.12644698907404328,
        "IG": -5.021910216337451,
        "LL": -4.83458823052728
    },
    "img154.jpg": {
        "AUC": 0.49380580357142856,
        "NSS": 0.6310196070528014,
        "IG": -3.3725507005105997,
        "LL": -2.535997704176497
    },
    "img196.jpg": {
        "AUC": 0.4165068799243731,
        "NSS": -0.07999633730232368,
        "IG": -7.5008997004108915,
        "LL": -8.689032263711734
    },
    "img114.jpg": {
        "AUC": 0.35371725063131315,
        "NSS": -0.1532974905908125,
        "IG": -7.341519747828989,
        "LL": -6.197013945358064
    },
    "img123.jpg": {
        "AUC": 0.6612072109988776,
        "NSS": 0.10522906375816757,
        "IG": -6.646677380507551,
        "LL": -5.595363025949229
    }
}