{
    "img030.jpg": {
        "AUC": 0.6337152777777779,
        "NSS": 0.13057368136194947,
        "IG": 27.413442864444963
    },
    "img038.jpg": {
        "AUC": 0.49302641540308634,
        "NSS": 0.3870890380672106,
        "IG": 18.14459514830138
    },
    "img104.jpg": {
        "AUC": 0.5284936755952381,
        "NSS": -0.051914766012592824,
        "IG": 5.236849256134167
    },
    "img146.jpg": {
        "AUC": 0.47450353422619046,
        "NSS": 0.5090298152892401,
        "IG": 22.95987399590398
    },
    "img182.jpg": {
        "AUC": 0.5982676200863122,
        "NSS": 0.7746022157632326,
        "IG": 10.000195297804968
    },
    "img238.jpg": {
        "AUC": 0.629029513888889,
        "NSS": -0.0020349057943944123,
        "IG": 31.779940209286245
    },
    "img028.jpg": {
        "AUC": 0.8730295138888889,
        "NSS": 0.6834521047671599,
        "IG": 15.420284622901912
    },
    "img051.jpg": {
        "AUC": 0.3716259883779415,
        "NSS": -0.3510310878411247,
        "IG": 29.474198983347456
    },
    "img053.jpg": {
        "AUC": 0.45707992049033475,
        "NSS": 0.13024025618606325,
        "IG": 20.15237324945149
    },
    "img056.jpg": {
        "AUC": 0.34666640406162463,
        "NSS": -0.11501139908613768,
        "IG": 9.268216893698392
    },
    "img100.jpg": {
        "AUC": 0.8502925347222222,
        "NSS": 1.304919899554869,
        "IG": 23.644729460584625
    },
    "img109.jpg": {
        "AUC": 0.5849019303902117,
        "NSS": 0.33565226208487825,
        "IG": 11.321113558301738
    },
    "img137.jpg": {
        "AUC": 0.45239164156857503,
        "NSS": 0.5058915290374755,
        "IG": 17.810636531062737
    },
    "img174.jpg": {
        "AUC": 0.22684395032051288,
        "NSS": -0.09940793249732169,
        "IG": 2.4652526902623033
    },
    "img061.jpg": {
        "AUC": 0.583123896936397,
        "NSS": 0.1423604225741373,
        "IG": 23.752181562560043
    },
    "img062.jpg": {
        "AUC": 0.6591036719357032,
        "NSS": 0.07309844834050991,
        "IG": 16.153400565218604
    },
    "img063.jpg": {
        "AUC": 0.5489093626459273,
        "NSS": 0.1103545751033507,
        "IG": 19.118551344017085
    },
    "img067.jpg": {
        "AUC": 0.434818124941231,
        "NSS": 0.06992503729826738,
        "IG": 19.563630014251668
    },
    "img070.jpg": {
        "AUC": 0.5608544563905667,
        "NSS": 0.30846619189290414,
        "IG": 22.05777392288905
    },
    "img071.jpg": {
        "AUC": 0.7676649305555556,
        "NSS": 1.0789497844360174,
        "IG": 11.264826113618632
    },
    "img077.jpg": {
        "AUC": 0.49138725770757014,
        "NSS": 0.6814455887808235,
        "IG": 26.261794969331444
    },
    "img096.jpg": {
        "AUC": 0.6154633305062992,
        "NSS": 0.11346411682771705,
        "IG": 23.03858660468658
    },
    "img132.jpg": {
        "AUC": 0.6315652901785713,
        "NSS": 0.5073318948361725,
        "IG": 28.224726113640433
    },
    "img122.jpg": {
        "AUC": 0.4685919937293098,
        "NSS": 0.5606643709609141,
        "IG": 19.979612845374838
    },
    "img141.jpg": {
        "AUC": 0.8689236111111112,
        "NSS": 2.8899242328192827,
        "IG": 26.856722049768464
    },
    "img029.jpg": {
        "AUC": 0.5357827465503248,
        "NSS": 0.0984716208781789,
        "IG": 19.155922890802223
    },
    "img089.jpg": {
        "AUC": 0.4897399418780192,
        "NSS": -0.14741078518368375,
        "IG": 15.17386672005342
    },
    "img136.jpg": {
        "AUC": 0.6307607886904762,
        "NSS": 0.27033849378908564,
        "IG": 19.698865521562333
    },
    "img180.jpg": {
        "AUC": 0.7060908564814815,
        "NSS": 0.20311688742339645,
        "IG": 31.854910599272777
    },
    "img058.jpg": {
        "AUC": 0.6124236598344068,
        "NSS": 0.13399457093799105,
        "IG": 26.61172141550222
    },
    "img117.jpg": {
        "AUC": 0.7046756966991341,
        "NSS": -0.04191674265801855,
        "IG": 22.550372981068303
    },
    "img149.jpg": {
        "AUC": 0.5170381493506493,
        "NSS": -0.027600981730747296,
        "IG": 27.461375472530555
    },
    "img155.jpg": {
        "AUC": 0.6313151041666667,
        "NSS": -0.16528786241268875,
        "IG": 2.1553043959744693
    },
    "img163.jpg": {
        "AUC": 0.6021333047130223,
        "NSS": 0.21463395075666228,
        "IG": 18.003468992623745
    },
    "img175.jpg": {
        "AUC": 0.7377088293650793,
        "NSS": 0.6196501037747354,
        "IG": 25.996071642478174
    },
    "img224.jpg": {
        "AUC": 0.6134462677079866,
        "NSS": -0.08849532314368176,
        "IG": 23.210229132161853
    },
    "img019.jpg": {
        "AUC": 0.5208246527777778,
        "NSS": 0.12644698907404328,
        "IG": 11.156250806084072
    },
    "img154.jpg": {
        "AUC": 0.49380580357142856,
        "NSS": 0.6310196070528015,
        "IG": 20.656378341208022
    },
    "img196.jpg": {
        "AUC": 0.4148617935990605,
        "NSS": -0.08531184472164381,
        "IG": 26.557663602381844
    },
    "img114.jpg": {
        "AUC": 0.3537172506313132,
        "NSS": -0.15329749059081252,
        "IG": -0.19500646481251488
    },
    "img123.jpg": {
        "AUC": 0.6612072109988776,
        "NSS": 0.10522906375816757,
        "IG": 1.3108229594679155
    },
    "img140.jpg": {
        "AUC": 0.7504882812500001,
        "NSS": 1.5901013731871474,
        "IG": 11.33188614824637
    }
}