{
    "img030.jpg": {
        "AUC": 0.6337152777777778,
        "NSS": 0.13057368136194947,
        "IG": -2.5784221295936627
    },
    "img038.jpg": {
        "AUC": 0.5036526040103376,
        "NSS": 0.41481549050453115,
        "IG": -12.670515546489504
    },
    "img104.jpg": {
        "AUC": 0.543476314484127,
        "NSS": -0.022379042123926083,
        "IG": -4.300977940956694
    },
    "img146.jpg": {
        "AUC": 0.4765059805645743,
        "NSS": 0.5122125560041176,
        "IG": -8.364892582232239
    },
    "img182.jpg": {
        "AUC": 0.6054769332207895,
        "NSS": 0.8008238121912054,
        "IG": -6.960078772236246
    },
    "img238.jpg": {
        "AUC": 0.629029513888889,
        "NSS": -0.0020349057943944075,
        "IG": -4.01662283679275
    },
    "img028.jpg": {
        "AUC": 0.8730295138888889,
        "NSS": 0.68345210476716,
        "IG": -0.20514847174398093
    },
    "img051.jpg": {
        "AUC": 0.37371500352945664,
        "NSS": -0.34366433461475754,
        "IG": -4.239773251102744
    },
    "img053.jpg": {
        "AUC": 0.4588552596853379,
        "NSS": 0.13109746569562059,
        "IG": -13.587770451640546
    },
    "img056.jpg": {
        "AUC": 0.3466664040616247,
        "NSS": -0.1150113990861377,
        "IG": -14.637837848347607
    },
    "img100.jpg": {
        "AUC": 0.8502925347222221,
        "NSS": 1.3049198995548692,
        "IG": -0.7242410686431434
    },
    "img109.jpg": {
        "AUC": 0.5849019303902117,
        "NSS": 0.3356522620848782,
        "IG": -4.830889943677693
    },
    "img137.jpg": {
        "AUC": 0.45878001790204304,
        "NSS": 0.5264870253661266,
        "IG": -12.590275072110796
    },
    "img174.jpg": {
        "AUC": 0.22684395032051283,
        "NSS": -0.0994079324973217,
        "IG": -11.091188130594677
    },
    "img061.jpg": {
        "AUC": 0.583123896936397,
        "NSS": 0.1423604225741373,
        "IG": -7.021656079170402
    },
    "img062.jpg": {
        "AUC": 0.6614340672348484,
        "NSS": 0.07416959175329679,
        "IG": -8.327851005496045
    },
    "img063.jpg": {
        "AUC": 0.5496350010867874,
        "NSS": 0.11168719803519027,
        "IG": -9.879415118369986
    },
    "img067.jpg": {
        "AUC": 0.4378316670353417,
        "NSS": 0.07384432864288032,
        "IG": -13.537644075367378
    },
    "img070.jpg": {
        "AUC": 0.57166224726867,
        "NSS": 0.3175732755659463,
        "IG": -9.163676278112012
    },
    "img071.jpg": {
        "AUC": 0.7676649305555556,
        "NSS": 1.0789497844360174,
        "IG": -4.656138708319634
    },
    "img077.jpg": {
        "AUC": 0.49138725770757025,
        "NSS": 0.6814455887808235,
        "IG": -6.291340258493494
    },
    "img096.jpg": {
        "AUC": 0.6249824897324897,
        "NSS": 0.11690031210398172,
        "IG": -8.125854831541606
    },
    "img132.jpg": {
        "AUC": 0.6315652901785714,
        "NSS": 0.5073318948361725,
        "IG": -4.734017638475277
    },
    "img122.jpg": {
        "AUC": 0.4701470532531194,
        "NSS": 0.5628756080382158,
        "IG": -7.508202696994888
    },
    "img140.jpg": {
        "AUC": 0.7515199130639099,
        "NSS": 1.5918801588891789,
        "IG": -3.1045360021630986
    },
    "img141.jpg": {
        "AUC": 0.868923611111111,
        "NSS": 2.889924232819283,
        "IG": -1.4016021684423756
    },
    "img029.jpg": {
        "AUC": 0.536554058810861,
        "NSS": 0.09924552346794391,
        "IG": -7.552289071029863
    },
    "img089.jpg": {
        "AUC": 0.4897399418780192,
        "NSS": -0.14741078518368378,
        "IG": -7.754122187908461
    },
    "img136.jpg": {
        "AUC": 0.6307607886904761,
        "NSS": 0.27033849378908564,
        "IG": -4.613630533141689
    },
    "img180.jpg": {
        "AUC": 0.7060908564814815,
        "NSS": 0.20311688742339645,
        "IG": -2.549415576866072
    },
    "img058.jpg": {
        "AUC": 0.6124236598344069,
        "NSS": 0.13399457093799103,
        "IG": -5.58836187245819
    },
    "img117.jpg": {
        "AUC": 0.7114527304292929,
        "NSS": -0.04101403158213941,
        "IG": -7.205014118477982
    },
    "img149.jpg": {
        "AUC": 0.5170381493506493,
        "NSS": -0.027600981730747307,
        "IG": -8.004554272603526
    },
    "img155.jpg": {
        "AUC": 0.6313151041666667,
        "NSS": -0.1652878624126887,
        "IG": -5.231589351988769
    },
    "img163.jpg": {
        "AUC": 0.6024806152665221,
        "NSS": 0.21481054989089846,
        "IG": -7.025527744024745
    },
    "img175.jpg": {
        "AUC": 0.7377088293650794,
        "NSS": 0.6196501037747353,
        "IG": -5.811802927463233
    },
    "img224.jpg": {
        "AUC": 0.6134462677079865,
        "NSS": -0.08849532314368176,
        "IG": -9.66588913369819
    },
    "img019.jpg": {
        "AUC": 0.5208246527777777,
        "NSS": 0.12644698907404325,
        "IG": -5.588314672721408
    },
    "img154.jpg": {
        "AUC": 0.49380580357142856,
        "NSS": 0.6310196070528017,
        "IG": -3.4926658274332807
    },
    "img196.jpg": {
        "AUC": 0.41650687992437313,
        "NSS": -0.07999633730232368,
        "IG": -8.779904029895107
    },
    "img114.jpg": {
        "AUC": 0.35371725063131315,
        "NSS": -0.15329749059081252,
        "IG": -7.384812276983855
    },
    "img123.jpg": {
        "AUC": 0.6612072109988776,
        "NSS": 0.10522906375816758,
        "IG": -6.611650316064515
    }
}