{
    "img123.jpg": [
        0.9545958112642224,
        0.745082094096604,
        0.9598167402114952,
        0.910809027940056,
        0.660149314530044
    ],
    "img174.jpg": [
        0.9254012056741625,
        0.6651187586804937,
        0.9166919536137582,
        0.8797139135095009,
        0.741305567474575
    ],
    "img063.jpg": [
        0.9226223278562562,
        0.7166665360397352,
        0.9124966738442466,
        0.7761460695834832,
        0.6607819434631657
    ],
    "img175.jpg": [
        0.9052559720398247,
        0.730956542021171,
        0.9097138532441991,
        0.8749870391188147,
        0.7281795667178996
    ],
    "img061.jpg": [
        0.9324505218595383,
        0.6707447880887223,
        0.9224392056059632,
        0.7888578237795502,
        0.6645616777427363
    ],
    "img146.jpg": [
        0.9242996475729844,
        0.787809911252742,
        0.9079333267542186,
        0.7842513465263897,
        0.6856423655593544
    ],
    "img096.jpg": [
        0.9514479968225369,
        0.7386590444449643,
        0.9470366402985265,
        0.8791467918629828,
        0.6629979818223647
    ],
    "img136.jpg": [
        0.9417515892197951,
        0.7318443746259463,
        0.9356755129655093,
        0.9164910119244064,
        0.6832062137540985
    ],
    "img140.jpg": [
        0.930244458695006,
        0.6674404207407103,
        0.9247268159625938,
        0.8765194661236686,
        0.7104790839356284
    ],
    "img070.jpg": [
        0.9456184966046921,
        0.7484218354441304,
        0.9407272435778639,
        0.7463334017865694,
        0.6181993551621056
    ],
    "img056.jpg": [
        0.9332894171654434,
        0.7170267768494915,
        0.9327482659996644,
        0.8815027172779605,
        0.7296770354086417
    ],
    "img117.jpg": [
        0.9514194449254639,
        0.7194458794594817,
        0.9494696423589628,
        0.9049122717359671,
        0.6279852568946338
    ],
    "img051.jpg": [
        0.9327077238283126,
        0.6750593513389531,
        0.9396797772616109,
        0.8055409955678415,
        0.7089849683947919
    ],
    "img077.jpg": [
        0.9554670831128763,
        0.8057105302874051,
        0.9498953126821115,
        0.8906892300998464,
        0.7072686101338489
    ],
    "img141.jpg": [
        0.9330455398220422,
        0.8283062470004469,
        0.9074829111557142,
        0.9197256037829203,
        0.6560704594308286
    ],
    "img062.jpg": [
        0.9283253516640424,
        0.6691899422166167,
        0.9179607356781515,
        0.7974035865038323,
        0.6601570916103692
    ],
    "img154.jpg": [
        0.9435698228401667,
        0.7078068929723383,
        0.9135833093501989,
        0.9214075953010836,
        0.6720185468323443
    ],
    "img182.jpg": [
        0.9403676084050844,
        0.7771415868184732,
        0.9313312881545316,
        0.8684551701826971,
        0.6477189956452956
    ],
    "img196.jpg": [
        0.9526104794537443,
        0.7493244469962743,
        0.9505623391540199,
        0.8508595326757865,
        0.6816540716501419
    ],
    "img038.jpg": [
        0.9418290811302913,
        0.7046253887729605,
        0.9393607818139018,
        0.7527774338974589,
        0.6352550195078809
    ],
    "img238.jpg": [
        0.9166301378132418,
        0.8320555525300595,
        0.9109654419882243,
        0.9164375767996439,
        0.6709786053019778
    ],
    "img058.jpg": [
        0.9454844161394502,
        0.7144282490909465,
        0.9525660662838344,
        0.8013454778694147,
        0.721075196369813
    ],
    "img019.jpg": [
        0.9368516974175924,
        0.8024030887243713,
        0.9138971055951239,
        0.9280448297614576,
        0.7241978406905961
    ],
    "img089.jpg": [
        0.9256645288909634,
        0.6507700597591755,
        0.9217985331053064,
        0.8355682633546878,
        0.6818004671741507
    ],
    "img028.jpg": [
        0.9345274150096446,
        0.9101798561308585,
        0.9061011295067831,
        0.9481835924716506,
        0.6498313219211895
    ],
    "img109.jpg": [
        0.9270160725612618,
        0.7935262648236918,
        0.8999528209435064,
        0.8639388480616115,
        0.7501165903967668
    ],
    "img180.jpg": [
        0.9279730051821902,
        0.8026746884448095,
        0.9008429275370425,
        0.8562783024441043,
        0.7304812417799267
    ],
    "img104.jpg": [
        0.943276565769344,
        0.6485909284898778,
        0.950270774237276,
        0.8785189412951696,
        0.6705976991620796
    ],
    "img122.jpg": [
        0.9238502650996341,
        0.7240847643110111,
        0.9166520163544842,
        0.8206460435129986,
        0.6280174890473539
    ],
    "img137.jpg": [
        0.9475911844042337,
        0.7692547301039578,
        0.9316575124000067,
        0.8579932458755423,
        0.6561494180541029
    ],
    "img053.jpg": [
        0.9280798854975159,
        0.6601013559939403,
        0.930357083218135,
        0.7631022659816215,
        0.6300299871956576
    ],
    "img224.jpg": [
        0.908285814935295,
        0.7068021127000261,
        0.9126303757441491,
        0.8114539619381909,
        0.69895436993762
    ],
    "img163.jpg": [
        0.9493727394209307,
        0.6656721754205813,
        0.9559910118759556,
        0.8267098457353724,
        0.6800989553210764
    ],
    "img132.jpg": [
        0.9301744132598824,
        0.7531488458986955,
        0.9209697885812019,
        0.8447932130599862,
        0.7032604969661009
    ],
    "img029.jpg": [
        0.9333557955823333,
        0.7879430895083026,
        0.9221526003909267,
        0.8776179528066517,
        0.6848784109002367
    ],
    "img030.jpg": [
        0.9324568073645741,
        0.7800731091947848,
        0.9161790266917728,
        0.9096063437940655,
        0.7907625423348792
    ],
    "img071.jpg": [
        0.9244010893044295,
        0.7152577868347778,
        0.9141155274151319,
        0.9031934422196191,
        0.5607790633726317
    ],
    "img149.jpg": [
        0.9161729492845899,
        0.6901001820472182,
        0.8923832288963641,
        0.8455192337840705,
        0.7998949110040517
    ],
    "img155.jpg": [
        0.9441505694570171,
        0.7744481235513347,
        0.9302821497276251,
        0.923148180329372,
        0.760211437017317
    ],
    "img114.jpg": [
        0.9356774330069306,
        0.6690670553567954,
        0.9280467927962756,
        0.8595497280991534,
        0.7316883174292689
    ],
    "img100.jpg": [
        0.9309740905710711,
        0.7815039003421028,
        0.9208542633631203,
        0.9034695002667831,
        0.6767394125566333
    ],
    "img067.jpg": [
        0.9513712873480077,
        0.8343688769921834,
        0.9446768117317101,
        0.7828165586663763,
        0.6562865025151766
    ]
}