{
    "img123.jpg": [
        0.9545311346651046,
        0.7443790784140943,
        0.9599875388426931,
        0.9107897616957263,
        0.6601493145300441
    ],
    "img174.jpg": [
        0.9242277631000775,
        0.6630054300115011,
        0.9163333080434375,
        0.8736925795935325,
        0.7788493262404985
    ],
    "img063.jpg": [
        0.9228657192887487,
        0.7193978799165093,
        0.9130715555116493,
        0.7796832646641914,
        0.6636031856819294
    ],
    "img146.jpg": [
        0.9232140926882387,
        0.7955728354610142,
        0.9071850908094545,
        0.7893367334400192,
        0.6847671441886629
    ],
    "img096.jpg": [
        0.9510548235464875,
        0.7414624529257596,
        0.9461651729954409,
        0.8808001351086179,
        0.6584533214198022
    ],
    "img140.jpg": [
        0.9268683281130408,
        0.6487495978047358,
        0.9276534423237459,
        0.8720571658962628,
        0.7122741073203497
    ],
    "img070.jpg": [
        0.9465637122638291,
        0.7539053152153973,
        0.9400348711588656,
        0.7471433714839935,
        0.6205918263256883
    ],
    "img056.jpg": [
        0.9333733960251465,
        0.7202284736315769,
        0.932655288196874,
        0.8813657836796231,
        0.7344037859676404
    ],
    "img030.jpg": [
        0.93331479450051,
        0.780445148714496,
        0.9161630683809286,
        0.9092626260274214,
        0.7905548025438061
    ],
    "img051.jpg": [
        0.9324359221209383,
        0.6722021897983295,
        0.939809768172472,
        0.8044323392485548,
        0.7068107498147977
    ],
    "img141.jpg": [
        0.9332083327742616,
        0.8294503363289788,
        0.9075740616729547,
        0.9197998977180852,
        0.6560704594308283
    ],
    "img062.jpg": [
        0.9282489795714932,
        0.6730654587293536,
        0.9173296682623057,
        0.796887043236017,
        0.6558069458481048
    ],
    "img196.jpg": [
        0.9500114138122837,
        0.7657031298197898,
        0.9508508327476894,
        0.844624703137451,
        0.6829748159823057
    ],
    "img100.jpg": [
        0.9308343081593059,
        0.7814189073908198,
        0.9206566359561804,
        0.9034667837312755,
        0.6767394125566333
    ],
    "img058.jpg": [
        0.9453313103782486,
        0.7159240573656055,
        0.9521574970558419,
        0.8015329967413047,
        0.7268879299562057
    ],
    "img028.jpg": [
        0.9346828501270925,
        0.9108740440108662,
        0.9063959702454601,
        0.9482447944187871,
        0.6498313219211895
    ],
    "img180.jpg": [
        0.9208401140541139,
        0.8067275447189048,
        0.8998952334858841,
        0.8528502908581002,
        0.7212287855319974
    ],
    "img155.jpg": [
        0.9457175261535956,
        0.7568703887510428,
        0.9356077103268938,
        0.9226872345130691,
        0.7510073544789647
    ],
    "img114.jpg": [
        0.935539457472092,
        0.6690653498823246,
        0.9278398207799776,
        0.8595008170962884,
        0.7316883174292689
    ],
    "img122.jpg": [
        0.9238268518630656,
        0.7232855881705783,
        0.9168741271593993,
        0.8211828416945602,
        0.6260368026871809
    ],
    "img137.jpg": [
        0.9466345626346486,
        0.7735866171717962,
        0.9332046221064673,
        0.854386806818758,
        0.6463100008788248
    ],
    "img053.jpg": [
        0.928887776158129,
        0.6592852333943755,
        0.9310321235398678,
        0.7760425483217945,
        0.623875316606599
    ],
    "img163.jpg": [
        0.9491229961327935,
        0.6632232372253839,
        0.9561663193993619,
        0.8271331453434401,
        0.6805322765670193
    ],
    "img224.jpg": [
        0.9024954585485886,
        0.6965205707505772,
        0.9114477394640791,
        0.8001479321128792,
        0.6998915476180714
    ],
    "img061.jpg": [
        0.9307447136774244,
        0.6746190200330194,
        0.9208692231750814,
        0.7881201193112629,
        0.6610763493467362
    ],
    "img149.jpg": [
        0.9141325779698721,
        0.687599253382744,
        0.8887798257224303,
        0.8437812208460299,
        0.7971096986592413
    ],
    "img077.jpg": [
        0.9534222666621696,
        0.7883004656226129,
        0.9500241784048997,
        0.8770100513449117,
        0.697684024747835
    ],
    "img154.jpg": [
        0.9431192042439069,
        0.7071518200294952,
        0.9124689050200389,
        0.9215148841485973,
        0.6720185468323444
    ],
    "img071.jpg": [
        0.9243582810880924,
        0.7145208438519092,
        0.9141754798215235,
        0.9032490696901855,
        0.5607790633726315
    ],
    "img029.jpg": [
        0.9330472829128322,
        0.779508942684544,
        0.9208584472217773,
        0.8806897242289408,
        0.6915067395398892
    ],
    "img038.jpg": [
        0.9415938773551031,
        0.7144565152283042,
        0.9382667082359228,
        0.7576442181013802,
        0.637799064755145
    ],
    "img175.jpg": [
        0.9051304068633153,
        0.7308425093391241,
        0.9096245180124835,
        0.8751542800047307,
        0.7281795667178997
    ],
    "img117.jpg": [
        0.9512860773847093,
        0.720410214319338,
        0.9490492514513854,
        0.9046452618108471,
        0.6344142923940281
    ],
    "img238.jpg": [
        0.9147737281095158,
        0.8319920119241838,
        0.9110266024299778,
        0.9150166685414115,
        0.6709148589966616
    ],
    "img136.jpg": [
        0.9416575107200611,
        0.7310174070029927,
        0.9355529981218037,
        0.9164291037059741,
        0.6832062137540987
    ],
    "img089.jpg": [
        0.9254419640919045,
        0.6514771414339549,
        0.9217865178348391,
        0.8352887254645114,
        0.6818004671741505
    ],
    "img109.jpg": [
        0.9270690565872945,
        0.792679057343133,
        0.9007841363653497,
        0.8637392175801919,
        0.7501165903967668
    ],
    "img104.jpg": [
        0.9415308949447908,
        0.6428899001659735,
        0.9488323529504615,
        0.8763245636334569,
        0.6739126069436646
    ],
    "img182.jpg": [
        0.9406212129240191,
        0.7785533121749147,
        0.9336445759852294,
        0.8702788436116292,
        0.6483478703395003
    ],
    "img019.jpg": [
        0.936902099760061,
        0.8039647313242081,
        0.9139284203819373,
        0.9281617296988696,
        0.724197840690596
    ],
    "img132.jpg": [
        0.9301159383121708,
        0.7556170685682974,
        0.9212524361684634,
        0.8448769548270655,
        0.7087715062571792
    ],
    "img067.jpg": [
        0.9486312950487242,
        0.7164214361738699,
        0.9461618203205634,
        0.7692225478641682,
        0.6866629856613905
    ]
}