{
    "img123.jpg": [
        0.9545958112642224,
        0.745082094096604,
        0.9598167402114952,
        0.910809027940056,
        0.660149314530044
    ],
    "img174.jpg": [
        0.9254012056741625,
        0.6651187586804937,
        0.9166919536137582,
        0.8797139135095009,
        0.741305567474575
    ],
    "img063.jpg": [
        0.9229882270412423,
        0.7196724329371108,
        0.9131619572092022,
        0.7799152068468804,
        0.6621087294100189
    ],
    "img175.jpg": [
        0.9052559720398247,
        0.730956542021171,
        0.9097138532441991,
        0.8749870391188147,
        0.7281795667178996
    ],
    "img061.jpg": [
        0.9306961950256902,
        0.6745711021357723,
        0.9210466410034283,
        0.7879810849561703,
        0.6613044315983859
    ],
    "img146.jpg": [
        0.9242710639121533,
        0.787804241995156,
        0.9081139851637962,
        0.7842513465263897,
        0.6856423655593544
    ],
    "img096.jpg": [
        0.9511087590202038,
        0.7410326691588331,
        0.9465403194161122,
        0.880931011336699,
        0.6584533214198024
    ],
    "img136.jpg": [
        0.9417515892197951,
        0.7318443746259463,
        0.9356755129655093,
        0.9164910119244064,
        0.6832062137540985
    ],
    "img140.jpg": [
        0.9300622934560853,
        0.6679013778891372,
        0.9249420021572302,
        0.8760519124620463,
        0.7113457811227094
    ],
    "img070.jpg": [
        0.94639973857673,
        0.7507432431043856,
        0.9397029892536181,
        0.7477593971263217,
        0.6184239529602786
    ],
    "img056.jpg": [
        0.9332894171654434,
        0.7170267768494915,
        0.9327482659996644,
        0.8815027172779605,
        0.7296770354086417
    ],
    "img117.jpg": [
        0.9514623163558098,
        0.7198875974998123,
        0.949536571660761,
        0.9049122717359671,
        0.6279852568946338
    ],
    "img051.jpg": [
        0.9327077238283126,
        0.6752837328772648,
        0.9396797772616109,
        0.8055409955678415,
        0.7089849683947919
    ],
    "img077.jpg": [
        0.9554510025334179,
        0.8052255230932758,
        0.9501545471067775,
        0.8903192907728313,
        0.7079875647343392
    ],
    "img141.jpg": [
        0.9330455398220422,
        0.8283062470004469,
        0.9074829111557142,
        0.9197256037829203,
        0.6560704594308286
    ],
    "img062.jpg": [
        0.9283437575220723,
        0.6685018279585812,
        0.9179407223656614,
        0.7974035865038323,
        0.6601570916103692
    ],
    "img154.jpg": [
        0.9432039334806537,
        0.7079663429374649,
        0.9128181728917925,
        0.9214075953010836,
        0.6720185468323443
    ],
    "img182.jpg": [
        0.9406600057780807,
        0.7782425126232244,
        0.9337206698757959,
        0.8703442673565306,
        0.6471351958368564
    ],
    "img196.jpg": [
        0.9514475588660322,
        0.7468240071622168,
        0.9531390821827727,
        0.8508578491958153,
        0.6783009951963589
    ],
    "img038.jpg": [
        0.9415197751088463,
        0.7111989093058317,
        0.9380529725842363,
        0.7566490931776552,
        0.6383542780321105
    ],
    "img238.jpg": [
        0.9166301378132418,
        0.8320555525300595,
        0.9109654419882243,
        0.9164375767996439,
        0.6709786053019778
    ],
    "img058.jpg": [
        0.9454844161394502,
        0.7144282490909465,
        0.9525660662838344,
        0.8013454778694147,
        0.721075196369813
    ],
    "img019.jpg": [
        0.9368516974175924,
        0.8024030887243713,
        0.9138971055951239,
        0.9280448297614576,
        0.7241978406905961
    ],
    "img089.jpg": [
        0.9256645288909634,
        0.6507700597591755,
        0.9217985331053064,
        0.8355682633546878,
        0.6818004671741507
    ],
    "img028.jpg": [
        0.9345274150096446,
        0.9101798561308585,
        0.9061011295067831,
        0.9481835924716506,
        0.6498313219211895
    ],
    "img109.jpg": [
        0.927167926768243,
        0.7935008198973328,
        0.9009212542945116,
        0.8639388480616115,
        0.7501165903967668
    ],
    "img180.jpg": [
        0.9279730051821902,
        0.8026746884448095,
        0.9008429275370425,
        0.8562783024441043,
        0.7304812417799267
    ],
    "img104.jpg": [
        0.943276565769344,
        0.6506428949868885,
        0.9504532739312104,
        0.8785189412951696,
        0.6705976991620796
    ],
    "img122.jpg": [
        0.9238502650996341,
        0.7240847643110111,
        0.9166520163544842,
        0.8206460435129986,
        0.6280174890473539
    ],
    "img137.jpg": [
        0.9463223830148456,
        0.7729390902547242,
        0.9329691263043868,
        0.8547257133504854,
        0.6447294972022843
    ],
    "img053.jpg": [
        0.929312718893681,
        0.6569080949046506,
        0.9308491552610552,
        0.7760626624217748,
        0.6300809708931756
    ],
    "img224.jpg": [
        0.9026179646033348,
        0.6969869934358134,
        0.9114946673454354,
        0.8002418819124577,
        0.6998915476180714
    ],
    "img163.jpg": [
        0.9492722537595903,
        0.6647064269066402,
        0.9560001965625341,
        0.8264299484843307,
        0.6809187113031016
    ],
    "img132.jpg": [
        0.9301744132598824,
        0.7531488458986955,
        0.9209697885812019,
        0.8447932130599862,
        0.7032604969661009
    ],
    "img029.jpg": [
        0.9330542326531497,
        0.7801623881584829,
        0.9212484312692997,
        0.8804896439975209,
        0.6883407366378488
    ],
    "img030.jpg": [
        0.9324568073645741,
        0.7800731091947848,
        0.9161790266917728,
        0.9096063437940655,
        0.7907625423348792
    ],
    "img071.jpg": [
        0.9244010893044295,
        0.7152577868347778,
        0.9141155274151319,
        0.9031934422196191,
        0.5607790633726317
    ],
    "img149.jpg": [
        0.9161729492845899,
        0.6900983952617867,
        0.8923595696821157,
        0.8455192337840705,
        0.7998949110040517
    ],
    "img155.jpg": [
        0.9441505694570171,
        0.7744481235513347,
        0.9302821497276251,
        0.923148180329372,
        0.760211437017317
    ],
    "img114.jpg": [
        0.9356774330069306,
        0.6690670553567954,
        0.9280467927962756,
        0.8595497280991534,
        0.7316883174292689
    ],
    "img100.jpg": [
        0.9309774457149635,
        0.7814262626265204,
        0.9206506883468035,
        0.9034695002667831,
        0.6767394125566333
    ],
    "img067.jpg": [
        0.9513712873480077,
        0.8368795093805396,
        0.9446845288091098,
        0.7828165586663763,
        0.6562865025151766
    ]
}