{
    "img123.jpg": [
        0.9545311346651048,
        0.7443790784140942,
        0.9599875388426933,
        0.9107897616957265,
        0.660149314530044
    ],
    "img174.jpg": [
        0.9242277631000775,
        0.663005430011501,
        0.9163333080434378,
        0.8736925795935327,
        0.7788493262404985
    ],
    "img063.jpg": [
        0.9228657192887487,
        0.7193978799165093,
        0.9130715555116494,
        0.779683264664191,
        0.6636031856819291
    ],
    "img175.jpg": [
        0.9051304068633151,
        0.7308425093391243,
        0.9096245180124835,
        0.8751542800047308,
        0.7281795667178997
    ],
    "img096.jpg": [
        0.9510548235464874,
        0.7414624529257595,
        0.9461651729954408,
        0.8808001351086178,
        0.6584533214198022
    ],
    "img136.jpg": [
        0.9416575107200611,
        0.7310174070029927,
        0.9355529981218036,
        0.9164291037059737,
        0.6832062137540985
    ],
    "img140.jpg": [
        0.9268683281130408,
        0.6487495978047355,
        0.9276534423237456,
        0.8720571658962629,
        0.7122741073203496
    ],
    "img056.jpg": [
        0.9333733960251467,
        0.7202284736315773,
        0.932655288196874,
        0.8813657836796231,
        0.7344037859676404
    ],
    "img077.jpg": [
        0.9534222666621691,
        0.7883004656226129,
        0.9500241784049,
        0.877010051344912,
        0.697684024747835
    ],
    "img141.jpg": [
        0.9332083327742612,
        0.8294503363289785,
        0.9075740616729547,
        0.9197998977180852,
        0.6560704594308283
    ],
    "img062.jpg": [
        0.9282489795714932,
        0.6730654587293536,
        0.9173296682623061,
        0.7968870432360169,
        0.6558069458481052
    ],
    "img196.jpg": [
        0.9500114138122837,
        0.7657031298197897,
        0.9508508327476894,
        0.8446247031374512,
        0.6829748159823056
    ],
    "img038.jpg": [
        0.9415938773551032,
        0.7144565152283043,
        0.938266708235923,
        0.7576442181013802,
        0.6377990647551447
    ],
    "img238.jpg": [
        0.9147737281095158,
        0.831992011924184,
        0.9110266024299778,
        0.9150166685414116,
        0.6709148589966616
    ],
    "img100.jpg": [
        0.9308343081593061,
        0.7814189073908198,
        0.9206566359561807,
        0.9034667837312755,
        0.6767394125566332
    ],
    "img132.jpg": [
        0.9301159383121712,
        0.755617068568297,
        0.9212524361684632,
        0.8448769548270657,
        0.7087715062571793
    ],
    "img089.jpg": [
        0.9254419640919044,
        0.6514771414339549,
        0.921786517834839,
        0.8352887254645114,
        0.6818004671741503
    ],
    "img155.jpg": [
        0.9457175261535956,
        0.7568703887510427,
        0.9356077103268939,
        0.9226872345130693,
        0.7510073544789647
    ],
    "img104.jpg": [
        0.9415308949447908,
        0.6428899001659737,
        0.9488323529504615,
        0.8763245636334569,
        0.6739126069436646
    ],
    "img122.jpg": [
        0.9238268518630656,
        0.7232855881705782,
        0.9168741271593993,
        0.8211828416945605,
        0.6260368026871811
    ],
    "img137.jpg": [
        0.9466345626346483,
        0.7735866171717962,
        0.9332046221064676,
        0.8543868068187576,
        0.646310000878825
    ],
    "img053.jpg": [
        0.9288877761581296,
        0.6592852333943753,
        0.9310321235398678,
        0.7760425483217946,
        0.623875316606599
    ],
    "img071.jpg": [
        0.9243582810880923,
        0.7145208438519092,
        0.9141754798215234,
        0.9032490696901855,
        0.5607790633726315
    ],
    "img061.jpg": [
        0.9307447136774243,
        0.6746190200330192,
        0.9208692231750811,
        0.7881201193112629,
        0.6610763493467362
    ],
    "img030.jpg": [
        0.93331479450051,
        0.7804451487144963,
        0.9161630683809286,
        0.9092626260274218,
        0.7905548025438061
    ],
    "img117.jpg": [
        0.9512860773847096,
        0.720410214319338,
        0.9490492514513854,
        0.9046452618108471,
        0.6344142923940281
    ],
    "img051.jpg": [
        0.9324359221209382,
        0.6722021897983294,
        0.939809768172472,
        0.8044323392485548,
        0.7068107498147976
    ],
    "img058.jpg": [
        0.9453313103782486,
        0.7159240573656055,
        0.9521574970558415,
        0.801532996741305,
        0.7268879299562059
    ],
    "img154.jpg": [
        0.9431192042439069,
        0.7071518200294952,
        0.9124689050200389,
        0.9215148841485975,
        0.6720185468323444
    ],
    "img114.jpg": [
        0.935539457472092,
        0.6690653498823245,
        0.9278398207799777,
        0.8595008170962887,
        0.7316883174292688
    ],
    "img146.jpg": [
        0.9232140926882387,
        0.7955728354610143,
        0.9071850908094546,
        0.7893367334400193,
        0.6847671441886628
    ],
    "img029.jpg": [
        0.9330472829128323,
        0.7795089426845436,
        0.9208584472217777,
        0.8806897242289408,
        0.6915067395398892
    ],
    "img070.jpg": [
        0.9465637122638292,
        0.7539053152153969,
        0.9400348711588657,
        0.7471433714839935,
        0.6205918263256881
    ],
    "img224.jpg": [
        0.9024954585485886,
        0.696520570750577,
        0.9114477394640793,
        0.8001479321128792,
        0.6998915476180714
    ],
    "img182.jpg": [
        0.9406212129240195,
        0.7785533121749144,
        0.9336445759852298,
        0.8702788436116293,
        0.6483478703395003
    ],
    "img019.jpg": [
        0.9369020997600609,
        0.8039647313242081,
        0.9139284203819373,
        0.9281617296988696,
        0.7241978406905961
    ],
    "img180.jpg": [
        0.9208401140541138,
        0.8067275447189048,
        0.899895233485884,
        0.8528502908581003,
        0.7212287855319973
    ],
    "img109.jpg": [
        0.9270690565872944,
        0.7926790573431332,
        0.9007841363653499,
        0.8637392175801922,
        0.7501165903967665
    ],
    "img163.jpg": [
        0.9491229961327934,
        0.663223237225384,
        0.9561663193993618,
        0.8271331453434398,
        0.6805322765670195
    ],
    "img149.jpg": [
        0.9141325779698721,
        0.6875992533827441,
        0.8887798257224301,
        0.8437812208460296,
        0.7971096986592414
    ],
    "img067.jpg": [
        0.9486312950487242,
        0.71642143617387,
        0.9461618203205634,
        0.7692225478641682,
        0.6866629856613905
    ],
    "img028.jpg": [
        0.9346828501270925,
        0.910874044010866,
        0.9063959702454599,
        0.9482447944187871,
        0.6498313219211895
    ]
}