{
    "IVSN": {
        "Corr": 0.04743268101402522,
        "AvgMM": 0.7858206262385415,
        "MMvec": 0.8782767543856475,
        "MMdir": 0.6400647820684922,
        "MMlen": 0.8478471318777729,
        "MMpos": 0.7770938366222528,
        "AUC": 0.6063218390804597
    },
    "nnIBS": {
        "Corr": 0.017299928466852472,
        "AvgMM": 0.8240617787268474,
        "MMvec": 0.9059915748727595,
        "MMdir": 0.6725140519819935,
        "MMlen": 0.8949360742993188,
        "MMpos": 0.8228054137533182,
        "AUC": 0.6886973180076628
    },
    "IRL": {
        "Corr": 0.25184285972047815,
        "AvgMM": 0.8017125077035467,
        "MMvec": 0.8817547727360484,
        "MMdir": 0.6747075751408733,
        "MMlen": 0.8552709181911476,
        "MMpos": 0.7951167647461176
    },
    "Humans": {
        "AUC": 0.5616424669472793
    }
}