{
    "IVSN": {
        "Corr": 0.04743268101402522,
        "AvgMM": 0.7858206262385415,
        "MMvec": [
            0.8782767543856475,
            0.03561398518421469
        ],
        "MMdir": [
            0.6400647820684922,
            0.07304804515794903
        ],
        "MMlen": [
            0.8478471318777729,
            0.06580088068920663
        ],
        "MMpos": [
            0.7770938366222528,
            0.056918863211257754
        ],
        "AUC": 0.6063218390804597
    },
    "nnIBS": {
        "Corr": 0.017299928466852472,
        "AvgMM": 0.8240617787268474,
        "MMvec": [
            0.9059915748727595,
            0.02307000626997517
        ],
        "MMdir": [
            0.6725140519819935,
            0.06905036841756099
        ],
        "MMlen": [
            0.8949360742993188,
            0.040537925064853764
        ],
        "MMpos": [
            0.8228054137533182,
            0.04354722232253577
        ],
        "AUC": 0.6886973180076628
    },
    "IRL": {
        "Corr": 0.25184285972047815,
        "AvgMM": 0.8017125077035467,
        "MMvec": [
            0.8817547727360484,
            0.038947302552849145
        ],
        "MMdir": [
            0.6747075751408733,
            0.05331620916088575
        ],
        "MMlen": [
            0.8552709181911476,
            0.06817293104378064
        ],
        "MMpos": [
            0.7951167647461176,
            0.052628883425038055
        ]
    },
    "Humans": {
        "AUC": 0.5616424669472793,
        "AvgMM": 0.858864562382774,
        "MMvec": [
            0.9359444843953985,
            0.013936754567638675
        ],
        "MMdir": [
            0.7214454217528662,
            0.05690851005570288
        ],
        "MMlen": [
            0.9323500985532349,
            0.016920038430924145
        ],
        "MMpos": [
            0.8457182448295963,
            0.051773287402461586
        ]
    }
}