{
    "grayscale_1_housebeautiful.jpg": {
        "AUC": 0.5848845289042387,
        "NSS": 0.26435415489375086,
        "IG": -2.5401676483413373
    },
    "grayscale_1_kitchen.jpg": {
        "AUC": 0.633806289905494,
        "NSS": 0.7669823012179314,
        "IG": -2.5604516221802904
    },
    "grayscale_1_oliva.jpg": {
        "AUC": 0.6297584745346649,
        "NSS": 0.5928344990797506,
        "IG": -3.206725698767308
    },
    "grayscale_1_opensource.jpg": {
        "AUC": 0.6339308630221736,
        "NSS": 0.8254704462363331,
        "IG": -3.3706081809818316
    },
    "grayscale_2_housebeautiful.jpg": {
        "AUC": 0.6613914797472649,
        "NSS": 0.9164020801630067,
        "IG": -3.1773256261663043
    },
    "grayscale_2_oliva.jpg": {
        "AUC": 0.6615706557181659,
        "NSS": 0.6543215046874796,
        "IG": -1.4447544596634199
    },
    "grayscale_2_opensource.jpg": {
        "AUC": 0.6415908924574795,
        "NSS": 0.721787275432215,
        "IG": -2.790266681160833
    },
    "grayscale_3_kitchen.jpg": {
        "AUC": 0.6693033955615731,
        "NSS": 0.9564364312425863,
        "IG": -2.2733641008303933
    },
    "grayscale_3_oliva.jpg": {
        "AUC": 0.6726751195059881,
        "NSS": 0.9471548568690699,
        "IG": -2.76160691250086
    },
    "grayscale_3_other.jpg": {
        "AUC": 0.6518613752667566,
        "NSS": 1.0603180830497665,
        "IG": -3.8650656735493865
    },
    "grayscale_4_housebeautiful.jpg": {
        "AUC": 0.5372687383921246,
        "NSS": 0.21266986794076004,
        "IG": -7.333744981453886
    },
    "grayscale_4_kitchen.jpg": {
        "AUC": 0.517883783141441,
        "NSS": 0.08826613703988517,
        "IG": -5.205849380440197
    },
    "grayscale_4_oliva.jpg": {
        "AUC": 0.5664323487703415,
        "NSS": 0.3993794093766491,
        "IG": -2.742352626239876
    },
    "grayscale_4_other.jpg": {
        "AUC": 0.5967737547886797,
        "NSS": 0.4620550132188309,
        "IG": -4.002260113492278
    },
    "grayscale_5_housebeautiful.jpg": {
        "AUC": 0.6402828521198696,
        "NSS": 0.3749373217750227,
        "IG": -3.239879368208905
    },
    "grayscale_5_oliva.jpg": {
        "AUC": 0.5990423769248425,
        "NSS": 0.319058818258453,
        "IG": -2.5823089308316614
    },
    "grayscale_5_opensource.jpg": {
        "AUC": 0.6468269272043247,
        "NSS": 1.0179805636989707,
        "IG": -2.6193159420538263
    },
    "grayscale_6_airbnb.jpg": {
        "AUC": 0.5222620113861896,
        "NSS": 0.22380051234663112,
        "IG": -4.427929124587162
    },
    "grayscale_6_housebeautiful.jpg": {
        "AUC": 0.47734081093581415,
        "NSS": -0.013975688667718185,
        "IG": -4.079131323527944
    },
    "grayscale_6_kitchen.jpg": {
        "AUC": 0.5810909929884108,
        "NSS": 0.6207033831322781,
        "IG": -3.0530495351532165
    },
    "grayscale_6_oliva.jpg": {
        "AUC": 0.6030758592087346,
        "NSS": 0.6802474701656941,
        "IG": -3.4514751261352226
    },
    "grayscale_6_opensource.jpg": {
        "AUC": 0.47731156288663557,
        "NSS": -0.011609438505437992,
        "IG": -3.9723138558326974
    },
    "grayscale_6_other.jpg": {
        "AUC": 0.5910642953228561,
        "NSS": 0.42520032786622136,
        "IG": -2.471711481149126
    },
    "grayscale_7_housebeautiful.jpg": {
        "AUC": 0.6249256963587493,
        "NSS": 0.6214789906769613,
        "IG": -2.4498411329215166
    },
    "grayscale_7_kitchen.jpg": {
        "AUC": 0.5846054229388273,
        "NSS": 0.22067061872895563,
        "IG": -2.80800778842601
    },
    "grayscale_7_opensource.jpg": {
        "AUC": 0.5574445130433984,
        "NSS": 0.21176871743294534,
        "IG": -4.094922822744125
    },
    "grayscale_8_housebeautiful.jpg": {
        "AUC": 0.4961052894693203,
        "NSS": 0.046217606319019,
        "IG": -4.896115493871088
    },
    "grayscale_8_kitchen.jpg": {
        "AUC": 0.4787922604603512,
        "NSS": -0.05344140248360195,
        "IG": -3.4081867560102235
    },
    "grayscale_8_oliva.jpg": {
        "AUC": 0.517632553612411,
        "NSS": 0.22424025778040516,
        "IG": -2.7501645018701457
    },
    "grayscale_8_other.jpg": {
        "AUC": 0.5594919784333969,
        "NSS": 0.21137537038775828,
        "IG": -3.6030632823179167
    },
    "grayscale_9_other.jpg": {
        "AUC": 0.5505091395371065,
        "NSS": 0.2780472021955196,
        "IG": -3.807360959698017
    },
    "grayscale_10_housebeautiful.jpg": {
        "AUC": 0.6291793389575472,
        "NSS": 0.7889438390380094,
        "IG": -1.0783433175786579
    },
    "grayscale_10_kitchen.jpg": {
        "AUC": 0.5427374089385919,
        "NSS": 0.035678677692544916,
        "IG": -3.274034922695732
    },
    "grayscale_10_oliva.jpg": {
        "AUC": 0.5801897112069767,
        "NSS": 0.38471490874922415,
        "IG": -3.042957751588143
    },
    "grayscale_10_opensource.jpg": {
        "AUC": 0.6975163180811875,
        "NSS": 0.6470646587114564,
        "IG": -2.4701736831840986
    },
    "grayscale_11_kitchen.jpg": {
        "AUC": 0.5301980919308134,
        "NSS": 0.21122087780113688,
        "IG": -3.923087950933706
    },
    "grayscale_11_oliva.jpg": {
        "AUC": 0.588447188245825,
        "NSS": 0.4112639433052315,
        "IG": -4.218800657182652
    },
    "grayscale_11_opensource.jpg": {
        "AUC": 0.5822967333329226,
        "NSS": 0.43051242867439427,
        "IG": -3.8710786853216796
    },
    "grayscale_12_housebeautiful.jpg": {
        "AUC": 0.6012558081252776,
        "NSS": 0.4531802994097248,
        "IG": -3.7898736263412363
    },
    "grayscale_13_kitchen.jpg": {
        "AUC": 0.4817512774686164,
        "NSS": 0.05062928807390348,
        "IG": -6.810634058151004
    },
    "grayscale_13_oliva.jpg": {
        "AUC": 0.6068554544626305,
        "NSS": 0.48274462401638973,
        "IG": -4.5508433233754335
    },
    "grayscale_13_opensource.jpg": {
        "AUC": 0.5210583819201868,
        "NSS": 0.06014342101714953,
        "IG": -3.913307140610369
    },
    "grayscale_13_other.jpg": {
        "AUC": 0.6905634384367456,
        "NSS": 0.9557515919603574,
        "IG": -2.570159502896766
    },
    "grayscale_14_airbnb.jpg": {
        "AUC": 0.5342150272988612,
        "NSS": 0.25824949382699497,
        "IG": -4.470888237681221
    },
    "grayscale_14_housebeautiful.jpg": {
        "AUC": 0.6523160713208641,
        "NSS": 0.5331968822689368,
        "IG": -1.9512986778342831
    },
    "grayscale_14_kitchen.jpg": {
        "AUC": 0.5562318093133016,
        "NSS": 0.19980276454302262,
        "IG": -2.838297119105871
    },
    "grayscale_14_oliva.jpg": {
        "AUC": 0.6359166551762612,
        "NSS": 0.5289701426315481,
        "IG": -3.225391347365915
    },
    "grayscale_14_other.jpg": {
        "AUC": 0.6632216576418766,
        "NSS": 0.5288898348599356,
        "IG": -1.4196857823562739
    },
    "grayscale_15_housebeautiful.jpg": {
        "AUC": 0.6202875137240578,
        "NSS": 0.5693174217389512,
        "IG": -3.3996688694655766
    },
    "grayscale_15_kitchen.jpg": {
        "AUC": 0.6212244254706581,
        "NSS": 0.37753549098748873,
        "IG": -2.486237677016695
    },
    "grayscale_15_oliva.jpg": {
        "AUC": 0.7648326385732744,
        "NSS": 1.9330379274226808,
        "IG": -2.1569195171367657
    },
    "grayscale_15_opensource.jpg": {
        "AUC": 0.6399993626758306,
        "NSS": 0.47306537660951037,
        "IG": -1.8013658499468077
    },
    "grayscale_16_housebeautiful.jpg": {
        "AUC": 0.5298535336192254,
        "NSS": 0.18657570880511457,
        "IG": -2.940378617029348
    },
    "grayscale_16_oliva.jpg": {
        "AUC": 0.6538662806223843,
        "NSS": 0.8307634951046008,
        "IG": -2.633174857788361
    },
    "grayscale_16_opensource.jpg": {
        "AUC": 0.607183312219954,
        "NSS": 0.3381157630850159,