{
    "grayscale_1_housebeautiful.jpg": {
        "AUC": 0.5848845289042389,
        "NSS": 0.26435415489375086,
        "IG": 30.04216712326792
    },
    "grayscale_1_kitchen.jpg": {
        "AUC": 0.633806289905494,
        "NSS": 0.7669823012179317,
        "IG": 30.574932295872205
    },
    "grayscale_1_oliva.jpg": {
        "AUC": 0.629758474534665,
        "NSS": 0.5928344990797507,
        "IG": 29.399458137563112
    },
    "grayscale_1_opensource.jpg": {
        "AUC": 0.6339308630221733,
        "NSS": 0.8254704462363334,
        "IG": 29.841480426621864
    },
    "grayscale_2_housebeautiful.jpg": {
        "AUC": 0.6613914797472645,
        "NSS": 0.9164020801630067,
        "IG": 30.148162461378792
    },
    "grayscale_2_oliva.jpg": {
        "AUC": 0.6615706557181663,
        "NSS": 0.6543215046874795,
        "IG": 31.32047505875056
    },
    "grayscale_2_opensource.jpg": {
        "AUC": 0.6415908924574795,
        "NSS": 0.7217872754322153,
        "IG": 30.425832522498474
    },
    "grayscale_3_kitchen.jpg": {
        "AUC": 0.6693033955615734,
        "NSS": 0.9564364312425863,
        "IG": 29.843311703275603
    },
    "grayscale_3_oliva.jpg": {
        "AUC": 0.6726751195059884,
        "NSS": 0.9471548568690701,
        "IG": 30.511913778427758
    },
    "grayscale_3_other.jpg": {
        "AUC": 0.6518613752667567,
        "NSS": 1.0603180830497663,
        "IG": 29.27413282574559
    },
    "grayscale_4_housebeautiful.jpg": {
        "AUC": 0.5372687383921246,
        "NSS": 0.21266986794076,
        "IG": 25.806025524415777
    },
    "grayscale_4_kitchen.jpg": {
        "AUC": 0.5178837831414412,
        "NSS": 0.08826613703988519,
        "IG": 27.70824471592586
    },
    "grayscale_4_oliva.jpg": {
        "AUC": 0.5664323487703414,
        "NSS": 0.3993794093766492,
        "IG": 29.750312838525
    },
    "grayscale_4_other.jpg": {
        "AUC": 0.5967737547886796,
        "NSS": 0.46205501321883097,
        "IG": 28.923368882104942
    },
    "grayscale_5_housebeautiful.jpg": {
        "AUC": 0.6402828521198697,
        "NSS": 0.3749373217750227,
        "IG": 30.23011144041765
    },
    "grayscale_5_oliva.jpg": {
        "AUC": 0.5990423769248424,
        "NSS": 0.3190588182584531,
        "IG": 30.316414197764505
    },
    "grayscale_5_opensource.jpg": {
        "AUC": 0.6468269272043248,
        "NSS": 1.0179805636989712,
        "IG": 30.103219740972914
    },
    "grayscale_6_airbnb.jpg": {
        "AUC": 0.5222620113861896,
        "NSS": 0.22380051234663112,
        "IG": 28.400813180542436
    },
    "grayscale_6_housebeautiful.jpg": {
        "AUC": 0.4773408109358141,
        "NSS": -0.013975688667718178,
        "IG": 28.55270001697467
    },
    "grayscale_6_kitchen.jpg": {
        "AUC": 0.581090992988411,
        "NSS": 0.6207033831322779,
        "IG": 30.51647681951638
    },
    "grayscale_6_oliva.jpg": {
        "AUC": 0.6030758592087346,
        "NSS": 0.6802474701656941,
        "IG": 29.329210803638762
    },
    "grayscale_6_opensource.jpg": {
        "AUC": 0.4773115628866356,
        "NSS": -0.011609438505437998,
        "IG": 28.90955930101381
    },
    "grayscale_6_other.jpg": {
        "AUC": 0.591064295322856,
        "NSS": 0.4252003278662215,
        "IG": 30.083908071761925
    },
    "grayscale_7_housebeautiful.jpg": {
        "AUC": 0.6249256963587494,
        "NSS": 0.6214789906769609,
        "IG": 30.53973180466385
    },
    "grayscale_7_kitchen.jpg": {
        "AUC": 0.5846054229388272,
        "NSS": 0.2206706187289556,
        "IG": 29.37466640220946
    },
    "grayscale_7_opensource.jpg": {
        "AUC": 0.5574445130433987,
        "NSS": 0.21176871743294534,
        "IG": 29.002419328793884
    },
    "grayscale_8_housebeautiful.jpg": {
        "AUC": 0.4961052894693202,
        "NSS": 0.046217606319018986,
        "IG": 28.124145937578046
    },
    "grayscale_8_kitchen.jpg": {
        "AUC": 0.47879226046035134,
        "NSS": -0.05344140248360197,
        "IG": 29.15666395939801
    },
    "grayscale_8_oliva.jpg": {
        "AUC": 0.517632553612411,
        "NSS": 0.22424025778040516,
        "IG": 29.821363940659012
    },
    "grayscale_8_other.jpg": {
        "AUC": 0.5594919784333972,
        "NSS": 0.21137537038775833,
        "IG": 28.87226994821137
    },
    "grayscale_9_kitchen.jpg": {
        "AUC": 0.4981779489169171,
        "NSS": -0.014416919644946026,
        "IG": 29.65232201929281
    },
    "grayscale_9_other.jpg": {
        "AUC": 0.5505091395371065,
        "NSS": 0.27804720219551965,
        "IG": 29.34585407618531
    },
    "grayscale_10_housebeautiful.jpg": {
        "AUC": 0.6291793389575472,
        "NSS": 0.7889438390380095,
        "IG": 31.21848107038622
    },
    "grayscale_10_kitchen.jpg": {
        "AUC": 0.5427374089385919,
        "NSS": 0.03567867769254495,
        "IG": 30.065373969299394
    },
    "grayscale_10_oliva.jpg": {
        "AUC": 0.5801897112069768,
        "NSS": 0.3847149087492241,
        "IG": 29.810548024126966
    },
    "grayscale_10_opensource.jpg": {
        "AUC": 0.6975163180811875,
        "NSS": 0.6470646587114561,
        "IG": 30.98907057444605
    },
    "grayscale_11_kitchen.jpg": {
        "AUC": 0.5301980919308134,
        "NSS": 0.21122087780113688,
        "IG": 29.31490442861416
    },
    "grayscale_11_oliva.jpg": {
        "AUC": 0.5884471882458251,
        "NSS": 0.4112639433052316,
        "IG": 28.815391603583688
    },
    "grayscale_11_opensource.jpg": {
        "AUC": 0.5822967333329226,
        "NSS": 0.43051242867439427,
        "IG": 28.98591838263921
    },
    "grayscale_12_housebeautiful.jpg": {
        "AUC": 0.6012558081252773,
        "NSS": 0.453180299409725,
        "IG": 29.259365828656616
    },
    "grayscale_13_kitchen.jpg": {
        "AUC": 0.48175127746861635,
        "NSS": 0.0506292880739035,
        "IG": 26.51253907396234
    },
    "grayscale_13_oliva.jpg": {
        "AUC": 0.6068554544626303,
        "NSS": 0.48274462401638996,
        "IG": 28.45885144846099
    },
    "grayscale_13_opensource.jpg": {
        "AUC": 0.5210583819201869,
        "NSS": 0.060143421017149555,
        "IG": 29.074247448816095
    },
    "grayscale_13_other.jpg": {
        "AUC": 0.6905634384367457,
        "NSS": 0.9557515919603574,
        "IG": 30.843012678364328
    },
    "grayscale_14_airbnb.jpg": {
        "AUC": 0.5342150272988611,
        "NSS": 0.25824949382699497,
        "IG": 28.34893961987027
    },
    "grayscale_14_housebeautiful.jpg": {
        "AUC": 0.6523160713208646,
        "NSS": 0.5331968822689369,
        "IG": 30.03766662123814
    },
    "grayscale_14_kitchen.jpg": {
        "AUC": 0.5562318093133016,
        "NSS": 0.1998027645430226,
        "IG": 30.15481724399773
    },
    "grayscale_14_oliva.jpg": {
        "AUC": 0.6359166551762608,
        "NSS": 0.5289701426315482,
        "IG": 29.883480109853505
    },
    "grayscale_14_other.jpg": {
        "AUC": 0.6632216576418766,
        "NSS": 0.5288898348599357,
        "IG": 31.339244541101348
    },
    "grayscale_15_housebeautiful.jpg": {
        "AUC": 0.6202875137240579,
        "NSS": 0.5693174217389512,
        "IG": 29.360871682442976
    },
    "grayscale_15_kitchen.jpg": {
        "AUC": 0.6212244254706578,
        "NSS": 0.37753549098748884,
        "IG": 30.61444893594986
    },
    "grayscale_15_oliva.jpg": {
        "AUC": 0.7648326385732747,
        "NSS": 1.9330379274226812,
        "IG": 31.549667948502503
    },
    "grayscale_15_opensource.jpg": {
        "AUC": 0.6399993626758304,
        "NSS": 0.4730653766095102,
        "IG": 31.488786365984478
    },
    "grayscale_16_housebeautiful.jpg": {
        "AUC": 0.5298535336192255,
        "NSS": 0.18657570880511465,
        "IG": 30.27967780183876
    },
    "grayscale_16_oliva.jpg": {
        "AUC": 0.653866280622384,
        "NSS": 0.8307634951046013,
        "IG": 30.393482995700488
    },