{
    "grayscale_1_housebeautiful.jpg": {
        "AUC": 0.6727355742175503,
        "NSS": 0.573254645768165,
        "IG": 0.019634315064108395
    },
    "grayscale_1_kitchen.jpg": {
        "AUC": 0.7603530203313963,
        "NSS": 0.8824030660618262,
        "IG": -0.3973966746216244
    },
    "grayscale_1_oliva.jpg": {
        "AUC": 0.6662324509980758,
        "NSS": 0.5277830632792285,
        "IG": -0.758824469805596
    },
    "grayscale_1_opensource.jpg": {
        "AUC": 0.698561761502119,
        "NSS": 0.9313109091612196,
        "IG": -0.412565859180489
    },
    "grayscale_2_housebeautiful.jpg": {
        "AUC": 0.791870916755822,
        "NSS": 1.638847605420823,
        "IG": -1.0742938166442564
    },
    "grayscale_2_oliva.jpg": {
        "AUC": 0.7497951614357863,
        "NSS": 0.6927085350609706,
        "IG": -0.07950755603134076
    },
    "grayscale_2_opensource.jpg": {
        "AUC": 0.7602303102954144,
        "NSS": 1.2993793740853952,
        "IG": -0.40327619422370387
    },
    "grayscale_3_kitchen.jpg": {
        "AUC": 0.7928570522080666,
        "NSS": 1.0399227668374382,
        "IG": 0.7100298581316326
    },
    "grayscale_3_oliva.jpg": {
        "AUC": 0.8109623192020653,
        "NSS": 2.167040249711181,
        "IG": -0.05942188543836728
    },
    "grayscale_3_other.jpg": {
        "AUC": 0.6696376283393142,
        "NSS": 0.7910718046536842,
        "IG": -0.43685877833731507
    },
    "grayscale_4_housebeautiful.jpg": {
        "AUC": 0.5440981739614551,
        "NSS": 0.162923016964711,
        "IG": -0.804436822277812
    },
    "grayscale_4_kitchen.jpg": {
        "AUC": 0.5824420982663169,
        "NSS": 0.257288827400406,
        "IG": -0.44851753572104025
    },
    "grayscale_4_oliva.jpg": {
        "AUC": 0.7610811969159007,
        "NSS": 0.8473130456808919,
        "IG": 0.3461370642639508
    },
    "grayscale_4_other.jpg": {
        "AUC": 0.7078148021141185,
        "NSS": 0.8495706053843245,
        "IG": -0.27858677939454246
    },
    "grayscale_5_housebeautiful.jpg": {
        "AUC": 0.9069475446428571,
        "NSS": 2.2667850751214353,
        "IG": -0.040058947869467613
    },
    "grayscale_5_oliva.jpg": {
        "AUC": 0.7070487634015593,
        "NSS": 0.7682220833643086,
        "IG": -0.1923008253240872
    },
    "grayscale_5_opensource.jpg": {
        "AUC": 0.6459584634904237,
        "NSS": 0.4977116598253732,
        "IG": -0.1604390168654087
    },
    "grayscale_6_airbnb.jpg": {
        "AUC": 0.6154196118551587,
        "NSS": 0.5776274383092375,
        "IG": -0.3110322293425905
    },
    "grayscale_6_housebeautiful.jpg": {
        "AUC": 0.5053987130491038,
        "NSS": 0.05676594331690555,
        "IG": -0.547103623019018
    },
    "grayscale_6_kitchen.jpg": {
        "AUC": 0.7297446954972466,
        "NSS": 0.5368963259026475,
        "IG": -0.8618804573978022
    },
    "grayscale_6_oliva.jpg": {
        "AUC": 0.6866098854037453,
        "NSS": 1.1008073003759038,
        "IG": -0.015117386149551677
    },
    "grayscale_6_opensource.jpg": {
        "AUC": 0.6430172896961205,
        "NSS": 0.6157614060702803,
        "IG": -0.40806855735444203
    },
    "grayscale_6_other.jpg": {
        "AUC": 0.6511831126328799,
        "NSS": 0.2542045953655762,
        "IG": -0.10445652550430205
    },
    "grayscale_7_housebeautiful.jpg": {
        "AUC": 0.6452613651797524,
        "NSS": 0.6179983622560482,
        "IG": -0.5060110390842559
    },
    "grayscale_7_kitchen.jpg": {
        "AUC": 0.684110025016001,
        "NSS": 0.6388434374872611,
        "IG": 0.47372882246569775
    },
    "grayscale_7_opensource.jpg": {
        "AUC": 0.647417896412037,
        "NSS": 0.4280739186542977,
        "IG": -0.6404295128156525
    },
    "grayscale_8_housebeautiful.jpg": {
        "AUC": 0.5872333932705024,
        "NSS": 0.27218755935667155,
        "IG": -0.9279853437588647
    },
    "grayscale_8_kitchen.jpg": {
        "AUC": 0.7859978129509384,
        "NSS": 1.1507774914815625,
        "IG": -0.1871052645972477
    },
    "grayscale_8_oliva.jpg": {
        "AUC": 0.6414261965595985,
        "NSS": 0.41810488134724977,
        "IG": -0.03273612108403491
    },
    "grayscale_8_other.jpg": {
        "AUC": 0.5470845217427248,
        "NSS": 0.13240016184408263,
        "IG": -0.15858207388297813
    },
    "grayscale_9_other.jpg": {
        "AUC": 0.6292409649317545,
        "NSS": 0.3670173565567623,
        "IG": -0.6356126957504137
    },
    "grayscale_10_housebeautiful.jpg": {
        "AUC": 0.6415597975628928,
        "NSS": 0.3351388291019831,
        "IG": 0.2358958519819382
    },
    "grayscale_10_kitchen.jpg": {
        "AUC": 0.6099492287149232,
        "NSS": 0.4147340633281387,
        "IG": -1.6507901050432554
    },
    "grayscale_10_oliva.jpg": {
        "AUC": 0.5981916166877101,
        "NSS": 0.30649881035273285,
        "IG": -0.36197144027966
    },
    "grayscale_10_opensource.jpg": {
        "AUC": 0.7039817527488426,
        "NSS": 1.1553588293188026,
        "IG": -0.6224690458880937
    },
    "grayscale_11_kitchen.jpg": {
        "AUC": 0.5922529916914682,
        "NSS": 0.32798651365408654,
        "IG": -1.4419562850661163
    },
    "grayscale_11_oliva.jpg": {
        "AUC": 0.8026518637384181,
        "NSS": 1.181303170064132,
        "IG": -0.15852539145226252
    },
    "grayscale_11_opensource.jpg": {
        "AUC": 0.6969155856737819,
        "NSS": 0.7525042064374697,
        "IG": -0.7998045861033747
    },
    "grayscale_12_housebeautiful.jpg": {
        "AUC": 0.7049683078526552,
        "NSS": 0.7968733504013173,
        "IG": -0.40331821180808
    },
    "grayscale_13_kitchen.jpg": {
        "AUC": 0.6821863225509059,
        "NSS": 0.5448839643163504,
        "IG": -0.6978418933257148
    },
    "grayscale_13_oliva.jpg": {
        "AUC": 0.6310561411815524,
        "NSS": 0.1107323501170884,
        "IG": -0.6334397917162355
    },
    "grayscale_13_opensource.jpg": {
        "AUC": 0.514489983974359,
        "NSS": 0.06789027397877252,
        "IG": -0.5981816535740321
    },
    "grayscale_13_other.jpg": {
        "AUC": 0.7149445736813204,
        "NSS": 0.7850254728492263,
        "IG": -0.6837543998623252
    },
    "grayscale_14_airbnb.jpg": {
        "AUC": 0.5906403777532404,
        "NSS": 0.3364266959209588,
        "IG": -0.32568472056028197
    },
    "grayscale_14_housebeautiful.jpg": {
        "AUC": 0.658297761759232,
        "NSS": 0.8329056826727611,
        "IG": 0.24988485866191887
    },
    "grayscale_14_kitchen.jpg": {
        "AUC": 0.7081828710169581,
        "NSS": 0.6077847384225817,
        "IG": -0.3490733966566156
    },
    "grayscale_14_oliva.jpg": {
        "AUC": 0.7729903394531272,
        "NSS": 0.8638811755939285,
        "IG": -0.26962682084608663
    },
    "grayscale_14_other.jpg": {
        "AUC": 0.6421665189083874,
        "NSS": 0.2687972435789313,
        "IG": -0.26677725470094155
    },
    "grayscale_15_housebeautiful.jpg": {
        "AUC": 0.7135289098693702,
        "NSS": 0.7166758941896536,
        "IG": -0.10209476922384846
    },
    "grayscale_15_kitchen.jpg": {
        "AUC": 0.753394357417446,
        "NSS": 1.1528486126988295,
        "IG": -0.2441387516918689
    },
    "grayscale_15_oliva.jpg": {
        "AUC": 0.7756045984739167,
        "NSS": 1.1407451326845064,
        "IG": -0.746289336260593
    },
    "grayscale_15_opensource.jpg": {
        "AUC": 0.7530828936688313,
        "NSS": 1.2870775599426052,
        "IG": -0.298698352943373
    },
    "grayscale_16_housebeautiful.jpg": {
        "AUC": 0.7182014371141975,
        "NSS": 0.7043433927392176,
        "IG": -0.513217069190237
    },
    "grayscale_16_oliva.jpg": {
        "AUC": 0.7821861511417434,
        "NSS": 1.1635747829486955,
        "IG": -0.14602200426356013
    },
    "grayscale_16_opensource.jpg": {
        "AUC": 0.6873304869244425,
        "NSS": 0.5310191010443986,