{
    "grayscale_1_housebeautiful.jpg": {
        "AUC": 0.6652659843329388,
        "NSS": 0.5613488981059496,
        "IG": 0.015537761530666345
    },
    "grayscale_1_kitchen.jpg": {
        "AUC": 0.7629842306931452,
        "NSS": 0.881978068254939,
        "IG": -0.39238140037111874
    },
    "grayscale_1_oliva.jpg": {
        "AUC": 0.6787684386814049,
        "NSS": 0.5741328561399544,
        "IG": 0.007239076512639305
    },
    "grayscale_1_opensource.jpg": {
        "AUC": 0.6986925295934988,
        "NSS": 0.9012486182414547,
        "IG": -0.4151480316261342
    },
    "grayscale_2_housebeautiful.jpg": {
        "AUC": 0.7983145135907409,
        "NSS": 1.8240921517899207,
        "IG": -0.29391567667792023
    },
    "grayscale_2_oliva.jpg": {
        "AUC": 0.7559369926948052,
        "NSS": 0.7246815090337664,
        "IG": -0.07382378527488134
    },
    "grayscale_2_opensource.jpg": {
        "AUC": 0.7581319654750301,
        "NSS": 1.2716256129164014,
        "IG": -0.409774634267897
    },
    "grayscale_3_kitchen.jpg": {
        "AUC": 0.7823725058648303,
        "NSS": 0.9524683868884541,
        "IG": 0.6962791730525091
    },
    "grayscale_3_oliva.jpg": {
        "AUC": 0.8120674254402284,
        "NSS": 2.2360211341322955,
        "IG": -0.0462453443788432
    },
    "grayscale_3_other.jpg": {
        "AUC": 0.6779176402377469,
        "NSS": 0.8595670053497947,
        "IG": -0.41296209604000955
    },
    "grayscale_4_housebeautiful.jpg": {
        "AUC": 0.5484866808538685,
        "NSS": 0.2017996610729616,
        "IG": -0.7829338323729325
    },
    "grayscale_4_kitchen.jpg": {
        "AUC": 0.6195874636792604,
        "NSS": 0.3776241771592788,
        "IG": -0.37112674965982256
    },
    "grayscale_4_oliva.jpg": {
        "AUC": 0.760845363581452,
        "NSS": 0.8368977003719794,
        "IG": 0.3387909372154652
    },
    "grayscale_4_other.jpg": {
        "AUC": 0.7158842766752923,
        "NSS": 0.7305870498169819,
        "IG": -0.3188385946276574
    },
    "grayscale_5_housebeautiful.jpg": {
        "AUC": 0.9067595951140871,
        "NSS": 2.153072947643132,
        "IG": -0.0784717517795938
    },
    "grayscale_5_oliva.jpg": {
        "AUC": 0.7095433443997726,
        "NSS": 0.7588624458623796,
        "IG": -0.19248232945850524
    },
    "grayscale_5_opensource.jpg": {
        "AUC": 0.6470626260576544,
        "NSS": 0.5103213168070212,
        "IG": -0.15740368728356557
    },
    "grayscale_6_airbnb.jpg": {
        "AUC": 0.6128380793210593,
        "NSS": 0.5675057935399226,
        "IG": -0.31123487533130945
    },
    "grayscale_6_housebeautiful.jpg": {
        "AUC": 0.5029661699700761,
        "NSS": 0.036849685512781546,
        "IG": -0.5236443663433384
    },
    "grayscale_6_kitchen.jpg": {
        "AUC": 0.7288238732993199,
        "NSS": 0.5254067451554316,
        "IG": -0.8698660292630707
    },
    "grayscale_6_oliva.jpg": {
        "AUC": 0.6948246250226786,
        "NSS": 1.1373440039417821,
        "IG": 0.00476880678000926
    },
    "grayscale_6_opensource.jpg": {
        "AUC": 0.6398509842083375,
        "NSS": 0.6475866882001364,
        "IG": -0.40150827522349897
    },
    "grayscale_6_other.jpg": {
        "AUC": 0.6562116121446575,
        "NSS": 0.2613804340420091,
        "IG": -0.10336098065070531
    },
    "grayscale_7_housebeautiful.jpg": {
        "AUC": 0.6597396885186366,
        "NSS": 0.6188974509441126,
        "IG": -0.5004504767574574
    },
    "grayscale_7_kitchen.jpg": {
        "AUC": 0.6756109553772658,
        "NSS": 0.6003259884648565,
        "IG": 0.4574810244038344
    },
    "grayscale_7_opensource.jpg": {
        "AUC": 0.6495810391865079,
        "NSS": 0.41272061225411755,
        "IG": -0.6706531092685052
    },
    "grayscale_8_housebeautiful.jpg": {
        "AUC": 0.5901349619708994,
        "NSS": 0.349382342581395,
        "IG": -0.8810010555565255
    },
    "grayscale_8_kitchen.jpg": {
        "AUC": 0.7835480925324678,
        "NSS": 1.1479644599581948,
        "IG": -0.198019132905204
    },
    "grayscale_8_oliva.jpg": {
        "AUC": 0.6415316617999401,
        "NSS": 0.41810337095062267,
        "IG": -0.0370246869652428
    },
    "grayscale_8_other.jpg": {
        "AUC": 0.5465161003637565,
        "NSS": 0.12659047129020165,
        "IG": -0.1562840160609137
    },
    "grayscale_9_other.jpg": {
        "AUC": 0.6384282538322423,
        "NSS": 0.3840738537788606,
        "IG": -0.6243812681667573
    },
    "grayscale_10_housebeautiful.jpg": {
        "AUC": 0.6432410410115305,
        "NSS": 0.3361378205063212,
        "IG": 0.23894363055237167
    },
    "grayscale_10_kitchen.jpg": {
        "AUC": 0.6097727665284863,
        "NSS": 0.42281418783292574,
        "IG": -0.8930270830931131
    },
    "grayscale_10_oliva.jpg": {
        "AUC": 0.59711476746633,
        "NSS": 0.3101994840467536,
        "IG": -0.35889616296684823
    },
    "grayscale_10_opensource.jpg": {
        "AUC": 0.7141927083333334,
        "NSS": 1.2134107875433406,
        "IG": -0.6258664828229383
    },
    "grayscale_11_kitchen.jpg": {
        "AUC": 0.5936298673115079,
        "NSS": 0.3649561058278743,
        "IG": -0.6733979987386858
    },
    "grayscale_11_oliva.jpg": {
        "AUC": 0.8210898636268699,
        "NSS": 1.229641041656787,
        "IG": -0.14527664957245254
    },
    "grayscale_11_opensource.jpg": {
        "AUC": 0.6966048289159686,
        "NSS": 0.7486353911979732,
        "IG": -0.8070297662889375
    },
    "grayscale_12_housebeautiful.jpg": {
        "AUC": 0.7137051836793743,
        "NSS": 0.7958414096441919,
        "IG": -0.4021373072198336
    },
    "grayscale_13_kitchen.jpg": {
        "AUC": 0.7063852978669313,
        "NSS": 0.6164127873279576,
        "IG": -0.6484943570627915
    },
    "grayscale_13_oliva.jpg": {
        "AUC": 0.6441113090886939,
        "NSS": 0.14837788299421154,
        "IG": -0.612111324305606
    },
    "grayscale_13_opensource.jpg": {
        "AUC": 0.518343950320513,
        "NSS": 0.09615890809331144,
        "IG": -0.578976146242361
    },
    "grayscale_13_other.jpg": {
        "AUC": 0.7248533905150117,
        "NSS": 0.8291962671843008,
        "IG": -0.6832079023055401
    },
    "grayscale_14_airbnb.jpg": {
        "AUC": 0.5966291084803921,
        "NSS": 0.37536833348345805,
        "IG": -0.29849139140093
    },
    "grayscale_14_housebeautiful.jpg": {
        "AUC": 0.6569458301391894,
        "NSS": 0.8276981055436751,
        "IG": 0.2528691875664896
    },
    "grayscale_14_kitchen.jpg": {
        "AUC": 0.7115393949069937,
        "NSS": 0.5770035731253141,
        "IG": -0.3699548966954947
    },
    "grayscale_14_oliva.jpg": {
        "AUC": 0.7750409099915678,
        "NSS": 0.8093014338450069,
        "IG": -0.283556571738468
    },
    "grayscale_14_other.jpg": {
        "AUC": 0.6465443081135842,
        "NSS": 0.2723890167596002,
        "IG": -0.27066100657038183
    },
    "grayscale_15_housebeautiful.jpg": {
        "AUC": 0.7351893863578349,
        "NSS": 0.7502042470131288,
        "IG": -0.06520042965580342
    },
    "grayscale_15_kitchen.jpg": {
        "AUC": 0.7540397246138039,
        "NSS": 1.1598828600352866,
        "IG": -0.24031484855139437
    },
    "grayscale_15_oliva.jpg": {
        "AUC": 0.7901434016845947,
        "NSS": 1.287695562790189,
        "IG": -0.7289772755045759
    },
    "grayscale_15_opensource.jpg": {
        "AUC": 0.7660315581409333,
        "NSS": 1.3136698632034831,
        "IG": -0.3082596585876813
    },
    "grayscale_16_housebeautiful.jpg": {
        "AUC": 0.7140709394290125,
        "NSS": 0.693522113580798,
        "IG": -0.5199987098433974
    },
    "grayscale_16_oliva.jpg": {
        "AUC": 0.7919528095412139,
        "NSS": 1.231944204913926,
        "IG": -0.13611095687077251
    },
    "grayscale_16_opensource.jpg": {
        "AUC": 0.6827901452404604,
        "NSS": 0.4913132426781728,