{
    "grayscale_1_housebeautiful.jpg": {
        "AUC": 0.6648449012432702,
        "NSS": 0.5551958491178103,
        "IG": 28.72226803269479
    },
    "grayscale_1_kitchen.jpg": {
        "AUC": 0.7615403132824312,
        "NSS": 0.8798018471412637,
        "IG": 29.35788217483965
    },
    "grayscale_1_oliva.jpg": {
        "AUC": 0.6735188132991727,
        "NSS": 0.5685335896360965,
        "IG": 30.935777123385417
    },
    "grayscale_1_opensource.jpg": {
        "AUC": 0.6971661124583576,
        "NSS": 0.8993369849710985,
        "IG": 29.393206969890905
    },
    "grayscale_2_housebeautiful.jpg": {
        "AUC": 0.7979570219612767,
        "NSS": 1.8240599202924892,
        "IG": 16.787772013755866
    },
    "grayscale_2_oliva.jpg": {
        "AUC": 0.7558659699675324,
        "NSS": 0.7248411167443647,
        "IG": 30.78864873258719
    },
    "grayscale_2_opensource.jpg": {
        "AUC": 0.7581319654750299,
        "NSS": 1.2716256129164014,
        "IG": 25.613047544304965
    },
    "grayscale_3_kitchen.jpg": {
        "AUC": 0.78134731178351,
        "NSS": 0.9465541421838826,
        "IG": 35.28259899512936
    },
    "grayscale_3_oliva.jpg": {
        "AUC": 0.8116788437528181,
        "NSS": 2.235653798442443,
        "IG": 35.158473308953766
    },
    "grayscale_3_other.jpg": {
        "AUC": 0.6767619314545714,
        "NSS": 0.8592281953608013,
        "IG": 23.379105940986364
    },
    "grayscale_4_housebeautiful.jpg": {
        "AUC": 0.5429920778729371,
        "NSS": 0.19279679615769624,
        "IG": 32.855420981859176
    },
    "grayscale_4_kitchen.jpg": {
        "AUC": 0.6186163857120888,
        "NSS": 0.3716979387486012,
        "IG": 30.525473899932873
    },
    "grayscale_4_oliva.jpg": {
        "AUC": 0.7594435209395464,
        "NSS": 0.8249023896058534,
        "IG": 28.355297818338947
    },
    "grayscale_4_other.jpg": {
        "AUC": 0.7158842766752923,
        "NSS": 0.7305870498169822,
        "IG": 28.910448246061158
    },
    "grayscale_5_housebeautiful.jpg": {
        "AUC": 0.904940166170635,
        "NSS": 2.143546809169216,
        "IG": 9.260873007007381
    },
    "grayscale_5_oliva.jpg": {
        "AUC": 0.7039773460706168,
        "NSS": 0.7388832500367134,
        "IG": 26.716867547931198
    },
    "grayscale_5_opensource.jpg": {
        "AUC": 0.6480873184974747,
        "NSS": 0.5228940612555406,
        "IG": 36.35495304209498
    },
    "grayscale_6_airbnb.jpg": {
        "AUC": 0.6174735159511247,
        "NSS": 0.5859866287826139,
        "IG": 30.098852264649906
    },
    "grayscale_6_housebeautiful.jpg": {
        "AUC": 0.500841463874667,
        "NSS": 0.03397080267460242,
        "IG": 35.835234400860934
    },
    "grayscale_6_kitchen.jpg": {
        "AUC": 0.7288238732993197,
        "NSS": 0.5254067451554318,
        "IG": 28.327747066590597
    },
    "grayscale_6_oliva.jpg": {
        "AUC": 0.6937067279343867,
        "NSS": 1.131138653285004,
        "IG": 30.646433399128032
    },
    "grayscale_6_opensource.jpg": {
        "AUC": 0.6389231229246305,
        "NSS": 0.6444320256785004,
        "IG": 28.50492910557448
    },
    "grayscale_6_other.jpg": {
        "AUC": 0.6520660559997183,
        "NSS": 0.2500006698164284,
        "IG": 31.86087028141175
    },
    "grayscale_7_housebeautiful.jpg": {
        "AUC": 0.6572765808797477,
        "NSS": 0.6150596118495901,
        "IG": 26.243222763703738
    },
    "grayscale_7_kitchen.jpg": {
        "AUC": 0.6700768432727727,
        "NSS": 0.5966987060401332,
        "IG": 30.440909993951205
    },
    "grayscale_7_opensource.jpg": {
        "AUC": 0.6460278501157408,
        "NSS": 0.4091082253638892,
        "IG": 24.47351591766426
    },
    "grayscale_8_housebeautiful.jpg": {
        "AUC": 0.5878005435681215,
        "NSS": 0.3457856497589555,
        "IG": 28.755503017321274
    },
    "grayscale_8_kitchen.jpg": {
        "AUC": 0.7835480925324676,
        "NSS": 1.147964459958195,
        "IG": 21.23664729005602
    },
    "grayscale_8_oliva.jpg": {
        "AUC": 0.64153166179994,
        "NSS": 0.41810337095062267,
        "IG": 33.947915126064814
    },
    "grayscale_8_other.jpg": {
        "AUC": 0.5430782386739419,
        "NSS": 0.11470595842744123,
        "IG": 29.485685723774715
    },
    "grayscale_9_kitchen.jpg": {
        "AUC": 0.6664230230254347,
        "NSS": 0.11235726865341272,
        "IG": 21.709451086270093
    },
    "grayscale_9_other.jpg": {
        "AUC": 0.6364660973950311,
        "NSS": 0.37247570243748584,
        "IG": 26.407839738177543
    },
    "grayscale_10_housebeautiful.jpg": {
        "AUC": 0.6435542856224278,
        "NSS": 0.32588285974366465,
        "IG": 38.09479979790235
    },
    "grayscale_10_kitchen.jpg": {
        "AUC": 0.6076150284332483,
        "NSS": 0.4160844491980998,
        "IG": 23.905656322983532
    },
    "grayscale_10_oliva.jpg": {
        "AUC": 0.5932667166456228,
        "NSS": 0.2990781326718836,
        "IG": 32.859205233862426
    },
    "grayscale_10_opensource.jpg": {
        "AUC": 0.6998697916666665,
        "NSS": 1.175834950145809,
        "IG": 24.231932997485966
    },
    "grayscale_11_kitchen.jpg": {
        "AUC": 0.5874376085069446,
        "NSS": 0.3252803131069072,
        "IG": 24.9008089462063
    },
    "grayscale_11_oliva.jpg": {
        "AUC": 0.8224821065315856,
        "NSS": 1.2177666298481098,
        "IG": 24.425563406254913
    },
    "grayscale_11_opensource.jpg": {
        "AUC": 0.6976406273499253,
        "NSS": 0.7772704086033954,
        "IG": 28.18804110362127
    },
    "grayscale_12_housebeautiful.jpg": {
        "AUC": 0.7079896080611062,
        "NSS": 0.794142742434366,
        "IG": 30.845928516804612
    },
    "grayscale_13_kitchen.jpg": {
        "AUC": 0.7064970780671163,
        "NSS": 0.6111761769762609,
        "IG": 25.840041355717993
    },
    "grayscale_13_oliva.jpg": {
        "AUC": 0.6385527077241716,
        "NSS": 0.14268341762882597,
        "IG": 31.728491711489127
    },
    "grayscale_13_opensource.jpg": {
        "AUC": 0.51846531116453,
        "NSS": 0.09538554172976116,
        "IG": 34.5143785902722
    },
    "grayscale_13_other.jpg": {
        "AUC": 0.7225324541504093,
        "NSS": 0.8281919011329638,
        "IG": 29.013415188969752
    },
    "grayscale_14_airbnb.jpg": {
        "AUC": 0.5958332734560414,
        "NSS": 0.36647085776292404,
        "IG": 33.83663382824778
    },
    "grayscale_14_housebeautiful.jpg": {
        "AUC": 0.6577545634408206,
        "NSS": 0.8186413251387541,
        "IG": 33.27010890553919
    },
    "grayscale_14_kitchen.jpg": {
        "AUC": 0.7110353882609226,
        "NSS": 0.5739962625121994,
        "IG": 28.47575905190875
    },
    "grayscale_14_oliva.jpg": {
        "AUC": 0.7743898683249011,
        "NSS": 0.8088439671822923,
        "IG": 33.46182362615013
    },
    "grayscale_14_other.jpg": {
        "AUC": 0.6415630945107188,
        "NSS": 0.26877505208449143,
        "IG": 31.53455415468595
    },
    "grayscale_15_housebeautiful.jpg": {
        "AUC": 0.7330070642330784,
        "NSS": 0.7495242673620398,
        "IG": 34.69785838895513
    },
    "grayscale_15_kitchen.jpg": {
        "AUC": 0.7529612984516723,
        "NSS": 1.1479045574920481,
        "IG": 33.021272585543855
    },
    "grayscale_15_oliva.jpg": {
        "AUC": 0.789454086659342,
        "NSS": 1.2874027832249337,
        "IG": 22.092004269050552
    },
    "grayscale_15_opensource.jpg": {
        "AUC": 0.7660315581409329,
        "NSS": 1.3136698632034836,
        "IG": 17.976451949085426
    },
    "grayscale_16_housebeautiful.jpg": {
        "AUC": 0.7114105099022635,
        "NSS": 0.6806322325094363,
        "IG": 26.288590353271402
    },
    "grayscale_16_oliva.jpg": {
        "AUC": 0.7864931969681145,
        "NSS": 1.201523275672455,
        "IG": 29.41782429802625
    },