{
    "Humans": {
        "AUCperf": 0.715,
        "AvgMM": 0.892,
        "MMvec": [
            0.927,
            0.034
        ],
        "MMdir": [
            0.824,
            0.113
        ],
        "MMlen": [
            0.907,
            0.048
        ],
        "MMpos": [
            0.907,
            0.039
        ]
    },
    "nnIBS": {
        "AUCperf": 0.593,
        "Corr": 0.1401343382014632,
        "AvgMM": 0.846,
        "MMvec": [
            0.905,
            0.032
        ],
        "MMdir": [
            0.726,
            0.13
        ],
        "MMlen": [
            0.894,
            0.043
        ],
        "MMpos": [
            0.86,
            0.053
        ],
        "AUChsp": 0.887,
        "NSShsp": 2.128,
        "IGhsp": 2.438,
        "LLhsp": 0.822
    },
    "eccNET": {
        "AUCperf": 0.335,
        "Corr": 0.05273594271865148,
        "AvgMM": 0.811,
        "MMvec": [
            0.915,
            0.026
        ],
        "MMdir": [
            0.642,
            0.138
        ],
        "MMlen": [
            0.918,
            0.032
        ],
        "MMpos": [
            0.768,
            0.101
        ],
        "AUChsp": 0.745,
        "NSShsp": 1.167,
        "IGhsp": 1.471,
        "LLhsp": 0.166
    },
    "IVSN": {
        "AUCperf": 0.338,
        "Corr": 0.10184350102022041,
        "AvgMM": 0.773,
        "MMvec": [
            0.859,
            0.046
        ],
        "MMdir": [
            0.627,
            0.125
        ],
        "MMlen": [
            0.841,
            0.074
        ],
        "MMpos": [
            0.765,
            0.079
        ],
        "AUChsp": 0.657,
        "NSShsp": 0.8,
        "IGhsp": 0.963,
        "LLhsp": -0.366
    },
    "center_bias": {
        "AUChsp": 0.562,
        "NSShsp": 0.238,
        "IGhsp": 0.0,
        "LLhsp": -1.33
    },
    "uniform": {
        "AUChsp": 0.5,
        "NSShsp": 0.0,
        "IGhsp": 1.33,
        "LLhsp": 0.0
    },
    "gold_standard": {
        "AUChsp": 0.953,
        "NSShsp": 3.599,
        "IGhsp": 4.277,
        "LLhsp": 2.947
    }
}