{
    "grayscale_35_oliva.jpg": [
        0.9254266071746247,
        0.720704588168254,
        0.914795524698663,
        0.8188386005112095,
        0.5964111280628049
    ],
    "grayscale_56_oliva.jpg": [
        0.9244783318923745,
        0.6639442226554335,
        0.9131112427674306,
        0.8217082873141163,
        0.5774637002112679
    ],
    "grayscale_65_oliva.jpg": [
        0.9207884165387926,
        0.7024992293991752,
        0.9183835155805621,
        0.8389879544838027,
        0.5636566822142759
    ],
    "grayscale_28_housebeautiful.jpg": [
        0.9146703740712856,
        0.7513735633778309,
        0.8978455282985789,
        0.8590882154348415,
        0.5934893971460782
    ],
    "grayscale_1_kitchen.jpg": [
        0.9277704737135006,
        0.725022089773561,
        0.9201179096222925,
        0.8456588830904909,
        0.6177297783883233
    ],
    "grayscale_28_oliva.jpg": [
        0.9408447961914946,
        0.7596487943136884,
        0.9341623800753276,
        0.8709543536607894,
        0.5505302745812538
    ],
    "grayscale_85_oliva.jpg": [
        0.9192239039366427,
        0.6479384895692505,
        0.9111880664043429,
        0.816306375111785,
        0.6158871484595658
    ],
    "grayscale_14_housebeautiful.jpg": [
        0.8913275150879741,
        0.668166967643033,
        0.8833090404417405,
        0.805224074973021,
        0.547340195488952
    ],
    "grayscale_5_housebeautiful.jpg": [
        0.9460081683789923,
        0.6897429525878617,
        0.9436256817427562,
        0.8870761454374823,
        0.5915693899900069
    ],
    "grayscale_2_housebeautiful.jpg": [
        0.9396155528594111,
        0.7342267522622539,
        0.9286146728985379,
        0.8676715797707283,
        0.6327353490358638
    ],
    "grayscale_1_oliva.jpg": [
        0.9162833905293186,
        0.6663914134537173,
        0.9005491361114076,
        0.8213355990174689,
        0.6260622973850565
    ],
    "grayscale_4_oliva.jpg": [
        0.9276397957619339,
        0.743537166607457,
        0.9270661284437546,
        0.8499104296710426,
        0.5889155822600162
    ],
    "grayscale_44_oliva.jpg": [
        0.935427688840935,
        0.7886292201959043,
        0.9264254342792387,
        0.8623357072887211,
        0.6279570481126694
    ],
    "grayscale_18_housebeautiful.jpg": [
        0.9330504265303616,
        0.714943135009549,
        0.9358724277290309,
        0.862107429588424,
        0.5880959078979331
    ],
    "grayscale_54_oliva.jpg": [
        0.9519153260886658,
        0.7465981357217212,
        0.9504965643412956,
        0.8878289157147139,
        0.5979673218054127
    ],
    "grayscale_84_oliva.jpg": [
        0.9271724465386892,
        0.7160689854612514,
        0.9317977250330557,
        0.8513580659841072,
        0.6170780479473102
    ],
    "grayscale_58_oliva.jpg": [
        0.929493324532216,
        0.8459559168848259,
        0.9200281244349148,
        0.857062292181182,
        0.6537547625594261
    ],
    "grayscale_12_housebeautiful.jpg": [
        0.9331360423522319,
        0.6904162270751484,
        0.9197496304418631,
        0.848158385691903,
        0.5428802324883402
    ],
    "grayscale_94_oliva.jpg": [
        0.9208256491518165,
        0.7711812943620341,
        0.8994600626386662,
        0.8140506223291394,
        0.6334483163282753
    ],
    "grayscale_17_opensource.jpg": [
        0.9188753643049888,
        0.6778385849016165,
        0.8961643168890325,
        0.8013594219123802,
        0.6032605595571916
    ],
    "grayscale_100_oliva.jpg": [
        0.9534196163750661,
        0.7998151494773875,
        0.9464118092824532,
        0.9058870507169664,
        0.561568747408448
    ],
    "grayscale_4_other.jpg": [
        0.9230830688670922,
        0.6694406483892508,
        0.9103354504563295,
        0.7988384350122454,
        0.5806294308234599
    ],
    "grayscale_15_opensource.jpg": [
        0.9268968225803155,
        0.7746074671388012,
        0.9073581479949755,
        0.8299163241621939,
        0.5992706477770603
    ],
    "grayscale_61_oliva.jpg": [
        0.935438392202366,
        0.7578494609342334,
        0.9361142797109135,
        0.879374007296857,
        0.630698886232042
    ],
    "grayscale_33_oliva.jpg": [
        0.9247575296924078,
        0.798744107206458,
        0.906273586709307,
        0.8940098224665072,
        0.6029572805824421
    ],
    "grayscale_86_oliva.jpg": [
        0.9151017035636577,
        0.7438248219760067,
        0.884003005445052,
        0.8256314896656396,
        0.5747813449026681
    ],
    "grayscale_16_opensource.jpg": [
        0.9211380847042329,
        0.779665346723028,
        0.8935145052349932,
        0.797609110791225,
        0.6017340497822178
    ],
    "grayscale_20_opensource.jpg": [
        0.9474758971519982,
        0.7581791605811955,
        0.9385395727784911,
        0.8754535758145566,
        0.62476904859077
    ],
    "grayscale_15_oliva.jpg": [
        0.9524832206259917,
        0.7533346097713808,
        0.9490056373079231,
        0.8885550213862825,
        0.6384198081865629
    ],
    "grayscale_6_airbnb.jpg": [
        0.9185415731414133,
        0.7285620518594044,
        0.9114756721190305,
        0.8148036188269792,
        0.6433449733553577
    ],
    "grayscale_21_opensource.jpg": [
        0.9285472811367018,
        0.6511190994922289,
        0.923641862435552,
        0.8359795455194469,
        0.5798254610950567
    ],
    "grayscale_36_housebeautiful.jpg": [
        0.9490730567061676,
        0.7404292735188444,
        0.9428208818824642,
        0.8907043264727078,
        0.6081689403026977
    ],
    "grayscale_55_oliva.jpg": [
        0.9367796298403345,
        0.756294322053874,
        0.9271354202985994,
        0.850568126322208,
        0.6273524139354644
    ],
    "grayscale_14_kitchen.jpg": [
        0.9382117351183756,
        0.8467474454011461,
        0.9246893956870955,
        0.844105792137509,
        0.6550627608095835
    ],
    "grayscale_23_oliva.jpg": [
        0.9377155245902712,
        0.7066537575919559,
        0.9301655908103722,
        0.8853428728340513,
        0.6135113539975008
    ],
    "grayscale_30_opensource.jpg": [
        0.9340827198414624,
        0.704584360792881,
        0.9363573579348684,
        0.8590596313228708,
        0.6350253335679835
    ],
    "grayscale_98_oliva.jpg": [
        0.9375196821069259,
        0.6834737513355855,
        0.9304621068137613,
        0.8350562680615891,
        0.5884724118317318
    ],
    "grayscale_1_housebeautiful.jpg": [
        0.9245958379940193,
        0.7116503769692658,
        0.9182045423158367,
        0.8375760810474728,
        0.5571491536400603
    ],
    "grayscale_53_oliva.jpg": [
        0.9229519492818377,
        0.7602737617840296,
        0.9183006883995903,
        0.8778326647431672,
        0.6424734994210985
    ],
    "grayscale_10_opensource.jpg": [
        0.9282937898165589,
        0.6600786693839928,
        0.9226958628132134,
        0.8384654078576629,
        0.7418082097783136
    ],
    "grayscale_27_housebeautiful.jpg": [
        0.9115321449985134,
        0.7433340372861624,
        0.897358479219546,
        0.7793096357864131,
        0.6530000494991425
    ],
    "grayscale_43_oliva.jpg": [
        0.9396333214269541,
        0.7701577765269092,
        0.9338856652019163,
        0.87651009431591,
        0.6207564841241497
    ],
    "grayscale_4_housebeautiful.jpg": [
        0.9415088075427527,
        0.7778980556509569,
        0.9310266154904303,
        0.8543612382600853,
        0.6559922774195257
    ],
    "grayscale_10_kitchen.jpg": [
        0.9182935618881689,
        0.7942599700451007,
        0.9541119225281267,
        0.8950951028927812,
        0.5517443539866062
    ],