{
    "grayscale_35_oliva.jpg": [
        0.922820944126831,
        0.6866741456141179,
        0.9130984761624847,
        0.8160585271588,
        0.5745782759956802
    ],
    "grayscale_56_oliva.jpg": [
        0.9200358151145129,
        0.6657474868833858,
        0.9082438833883615,
        0.8206694400599014,
        0.56588118864415
    ],
    "grayscale_65_oliva.jpg": [
        0.9142287408970058,
        0.67553922675908,
        0.914358646321575,
        0.8228099079527188,
        0.5690538086331322
    ],
    "grayscale_15_oliva.jpg": [
        0.9499835858730892,
        0.7247343479627244,
        0.9455785686073013,
        0.875113739952785,
        0.6517052520004893
    ],
    "grayscale_28_housebeautiful.jpg": [
        0.9136595367697228,
        0.7581375256488073,
        0.8972369287158144,
        0.8598946204872877,
        0.5920192690680602
    ],
    "grayscale_1_kitchen.jpg": [
        0.9264088463089154,
        0.7215115063142821,
        0.9183967369567215,
        0.839568893408168,
        0.6131352347321796
    ],
    "grayscale_28_oliva.jpg": [
        0.9393227541692082,
        0.7728506300678455,
        0.9343606472578866,
        0.8505924042877293,
        0.5481455037207358
    ],
    "grayscale_85_oliva.jpg": [
        0.9147041382299084,
        0.6646807616603113,
        0.9085757719446904,
        0.8113207059327443,
        0.6143304112421383
    ],
    "grayscale_14_housebeautiful.jpg": [
        0.8922512817608484,
        0.6814158411528128,
        0.882870581082229,
        0.8048701964947071,
        0.5499164067099214
    ],
    "grayscale_5_housebeautiful.jpg": [
        0.9465964178243701,
        0.7049085856462022,
        0.9432107611980196,
        0.8823676451517618,
        0.5657041683381566
    ],
    "grayscale_2_housebeautiful.jpg": [
        0.9349632370193578,
        0.7169112646391913,
        0.926681289293525,
        0.856057494597971,
        0.6215275010503459
    ],
    "grayscale_1_oliva.jpg": [
        0.9153442092714814,
        0.673399354166084,
        0.9030509033439243,
        0.8250732186327357,
        0.6339718569417199
    ],
    "grayscale_44_oliva.jpg": [
        0.9337883711861752,
        0.7763820252809869,
        0.9255409134887032,
        0.8667219222711958,
        0.6171364003803382
    ],
    "grayscale_18_housebeautiful.jpg": [
        0.9310035368065999,
        0.70246200994789,
        0.9355277651076644,
        0.8597249175881871,
        0.5517241194286417
    ],
    "grayscale_54_oliva.jpg": [
        0.9501386037603917,
        0.7434920448516714,
        0.9499018753797055,
        0.8829968633856691,
        0.5849721259996196
    ],
    "grayscale_84_oliva.jpg": [
        0.9241653825589764,
        0.6809604111966692,
        0.9200098857408721,
        0.8228799389175198,
        0.6375262232915719
    ],
    "grayscale_58_oliva.jpg": [
        0.9222233208055474,
        0.815218718617234,
        0.9074517073633073,
        0.8390524649175751,
        0.6580930231798477
    ],
    "grayscale_12_housebeautiful.jpg": [
        0.9312878846385262,
        0.6989841373196557,
        0.9190948137693166,
        0.8433354773353553,
        0.5884363408105175
    ],
    "grayscale_94_oliva.jpg": [
        0.9258941223896366,
        0.7777012133051634,
        0.9019589940006655,
        0.8165079985298392,
        0.6409061369220507
    ],
    "grayscale_17_opensource.jpg": [
        0.919849750634218,
        0.7002139135040842,
        0.8981950031189972,
        0.7957731815778463,
        0.587860460038702
    ],
    "grayscale_4_oliva.jpg": [
        0.9207168023967545,
        0.7339052833767266,
        0.9197216573339722,
        0.831221730591647,
        0.5829599094529957
    ],
    "grayscale_100_oliva.jpg": [
        0.9504634503842508,
        0.7876748579702351,
        0.9430607708733592,
        0.9010110666325969,
        0.5675946987185342
    ],
    "grayscale_4_other.jpg": [
        0.9223307583641912,
        0.6833271439048847,
        0.909248836858224,
        0.804055495308948,
        0.5756156188704047
    ],
    "grayscale_15_opensource.jpg": [
        0.9298000698466787,
        0.7609658210766972,
        0.9194195608514512,
        0.8161456340589206,
        0.5848760377532032
    ],
    "grayscale_61_oliva.jpg": [
        0.9338358010786899,
        0.7710714161834106,
        0.9292717159871768,
        0.879493358320431,
        0.6408685145471438
    ],
    "grayscale_33_oliva.jpg": [
        0.9217210820035561,
        0.7888426608552365,
        0.90316708842231,
        0.8879909256223724,
        0.6082593894902358
    ],
    "grayscale_16_opensource.jpg": [
        0.9148515774789415,
        0.777871439945817,
        0.8866154204917411,
        0.7856043580609358,
        0.6085546432582742
    ],
    "grayscale_20_opensource.jpg": [
        0.9409175620623578,
        0.7481859652976485,
        0.9315725284636607,
        0.857203470538104,
        0.608466369651741
    ],
    "grayscale_6_airbnb.jpg": [
        0.916765302760625,
        0.7489291881830552,
        0.9081019076083074,
        0.8111509876071503,
        0.649572946464281
    ],
    "grayscale_21_opensource.jpg": [
        0.9247545838611959,
        0.6391664707102398,
        0.9174025423865511,
        0.841929562082346,
        0.5969410486920226
    ],
    "grayscale_55_oliva.jpg": [
        0.9330010720148953,
        0.7550415449151159,
        0.9205341522042213,
        0.8397204710189794,
        0.6353791256414789
    ],
    "grayscale_86_oliva.jpg": [
        0.9225225325469487,
        0.7759316384445434,
        0.8929142982200557,
        0.8442585587227432,
        0.5630868678408661
    ],
    "grayscale_14_kitchen.jpg": [
        0.9381261305601082,
        0.8513269973113651,
        0.9248322552483594,
        0.8388245005775014,
        0.652754058065644
    ],
    "grayscale_23_oliva.jpg": [
        0.935205161716628,
        0.6762940113381698,
        0.9301223390541554,
        0.8758503096402009,
        0.5967046369636964
    ],
    "grayscale_36_housebeautiful.jpg": [
        0.9440387066218106,
        0.7337825922709372,
        0.9373009471303644,
        0.8771214851452982,
        0.5979182466985214
    ],
    "grayscale_30_opensource.jpg": [
        0.9372118596918071,
        0.6945470620718048,
        0.9353748003089252,
        0.8435222394673477,
        0.638513944127981
    ],
    "grayscale_1_housebeautiful.jpg": [
        0.9235048270232642,
        0.7378389701296376,
        0.9228655778496496,
        0.8420304449381232,
        0.5802200376512363
    ],
    "grayscale_98_oliva.jpg": [
        0.9368790913218211,
        0.6835723270484237,
        0.9281491222266093,
        0.8352970691922161,
        0.6119134254391619
    ],
    "grayscale_53_oliva.jpg": [
        0.9229519492818377,
        0.7602737617840296,
        0.9183006883995903,
        0.8778326647431672,
        0.6424734994210985
    ],
    "grayscale_7_housebeautiful.jpg": [
        0.9272290952419608,
        0.7939086889288238,
        0.9050069746817698,
        0.8363978663824063,
        0.5922775727058274
    ],
    "grayscale_10_kitchen.jpg": [
        0.9063657983832537,
        0.6053240279295762,
        0.8763699949919764,
        0.8495579244132311,
        0.4827684889012022
    ],
    "grayscale_10_opensource.jpg": [
        0.9266157642416059,
        0.6610634691283443,
        0.921493719014424,
        0.8252016660502846,
        0.6640547291953417
    ],
    "grayscale_27_housebeautiful.jpg": [
        0.9035849124033136,
        0.7645801298518587,
        0.8857699268288323,
        0.7649960726266929,
        0.649236953772166
    ],
    "grayscale_43_oliva.jpg": [
        0.9291761527109583,
        0.743985918501276,
        0.9168791848239388,
        0.8560255116150264,
        0.602676590694971
    ],