{
    "IVSN": {
        "Corr": 0.18994510508338555,
        "AvgMM": 0.8121134521465869,
        "MMvec": [
            0.8785644255699158,
            0.05381615165321024
        ],
        "MMdir": [
            0.6744313059076437,
            0.13374441871881199
        ],
        "MMlen": [
            0.8581300137248571,
            0.08164227716741611
        ],
        "MMpos": [
            0.8373280633839308,
            0.07082970788962946
        ],
        "AUC": 0.8064444444444444
    },
    "nnIBS": {
        "Corr": 0.1212473946717294,
        "AvgMM": 0.8462268726927282,
        "MMvec": [
            0.914276548874921,
            0.026698891552208483
        ],
        "MMdir": [
            0.6895339947289911,
            0.11462866267635455
        ],
        "MMlen": [
            0.9018702255573097,
            0.040789791396579435
        ],
        "MMpos": [
            0.8792267216096914,
            0.04370895608952256
        ],
        "AUC": 0.5246666666666666
    },
    "IRL": {
        "Corr": 0.022934046814856304,
        "AvgMM": 0.8087912285705293,
        "MMvec": [
            0.8888979457301798,
            0.04345011514514274
        ],
        "MMdir": [
            0.645050113578315,
            0.1401749004117689
        ],
        "MMlen": [
            0.8729695932848232,
            0.06834828915109975
        ],
        "MMpos": [
            0.8282472616888001,
            0.07903121247403411
        ],
        "AUC": 0.7565555555555555
    },
    "Humans": {
        "AUC": 0.7852555555555556,
        "AvgMM": 0.8910254184944557,
        "MMvec": [
            0.9391326979902043,
            0.028122335397767942
        ],
        "MMdir": [
            0.7903568782747804,
            0.10158386968406796
        ],
        "MMlen": [
            0.9240960017336665,
            0.036286196372237935
        ],
        "MMpos": [
            0.9105160959791717,
            0.04100898474650835
        ]
    }
}