{
    "Humans": {
        "AUCperf": 0.802,
        "AvgMM": 0.88,
        "MMvec": [
            0.933,
            0.031
        ],
        "MMdir": [
            0.767,
            0.113
        ],
        "MMlen": [
            0.918,
            0.037
        ],
        "MMpos": [
            0.902,
            0.04
        ]
    },
    "IVSN": {
        "AUCperf": 0.734,
        "AvgMM": 0.807,
        "MMvec": [
            0.877,
            0.04
        ],
        "MMdir": [
            0.676,
            0.124
        ],
        "MMlen": [
            0.853,
            0.065
        ],
        "MMpos": [
            0.822,
            0.072
        ],
        "AUChsp": 0.635,
        "NSShsp": 0.919,
        "IGhsp": -3.693,
        "LLhsp": -3.74,
        "Corr": 0.10916440891862467
    },
    "nnIBS": {
        "AUCperf": 0.516,
        "AvgMM": 0.847,
        "MMvec": [
            0.913,
            0.031
        ],
        "MMdir": [
            0.688,
            0.121
        ],
        "MMlen": [
            0.909,
            0.043
        ],
        "MMpos": [
            0.877,
            0.044
        ],
        "AUChsp": 0.751,
        "NSShsp": 0.97,
        "IGhsp": 0.457,
        "LLhsp": 0.319,
        "Corr": 0.14272183024086108
    },
    "IRL": {
        "AUCperf": 0.728,
        "AvgMM": 0.797,
        "MMvec": [
            0.88,
            0.045
        ],
        "MMdir": [
            0.648,
            0.122
        ],
        "MMlen": [
            0.851,
            0.072
        ],
        "MMpos": [
            0.811,
            0.081
        ],
        "AUChsp": 0.801,
        "NSShsp": 2.493,
        "IGhsp": -1.404,
        "LLhsp": -1.546,
        "Corr": 0.07395911715279854
    },
    "center_bias": {
        "AUChsp": 0.716,
        "NSShsp": 0.392,
        "IGhsp": 0.0,
        "LLhsp": -0.07
    },
    "uniform": {
        "AUChsp": 0.5,
        "NSShsp": 0.0,
        "IGhsp": 0.07,
        "LLhsp": 0.0
    },
    "gold_standard": {
        "AUChsp": 0.957,
        "NSShsp": 4.183,
        "IGhsp": 3.174,
        "LLhsp": 3.103
    }
}