{
    "Humans": {
        "AUCperf": 0.802,
        "AvgMM": 0.883,
        "MMvec": [
            0.937,
            0.027
        ],
        "MMdir": [
            0.765,
            0.114
        ],
        "MMlen": [
            0.925,
            0.034
        ],
        "MMpos": [
            0.906,
            0.039
        ]
    },
    "cIBS": {
        "AUCperf": 0.468,
        "Corr": 0.17055163468612253,
        "AvgMM": 0.848,
        "MMvec": [
            0.916,
            0.03
        ],
        "MMdir": [
            0.684,
            0.122
        ],
        "MMlen": [
            0.911,
            0.043
        ],
        "MMpos": [
            0.88,
            0.043
        ],
        "AUChsp": 0.768,
        "NSShsp": 1.076,
        "IGhsp": 0.399,
        "LLhsp": 0.26
    },
    "sIBS": {
        "AUCperf": 0.482,
        "Corr": 0.13148084773439467,
        "AvgMM": 0.847,
        "MMvec": [
            0.915,
            0.03
        ],
        "MMdir": [
            0.679,
            0.131
        ],
        "MMlen": [
            0.912,
            0.042
        ],
        "MMpos": [
            0.88,
            0.043
        ],
        "AUChsp": 0.761,
        "NSShsp": 1.068,
        "IGhsp": 0.405,
        "LLhsp": 0.267
    },
    "nnIBS": {
        "AUCperf": 0.516,
        "Corr": 0.142721830240861,
        "AvgMM": 0.847,
        "MMvec": [
            0.913,
            0.031
        ],
        "MMdir": [
            0.688,
            0.121
        ],
        "MMlen": [
            0.909,
            0.043
        ],
        "MMpos": [
            0.877,
            0.044
        ],
        "AUChsp": 0.751,
        "NSShsp": 1.083,
        "IGhsp": 0.457,
        "LLhsp": 0.319
    },
    "center_bias": {
        "AUChsp": 0.716,
        "NSShsp": 0.392,
        "IGhsp": 0.0,
        "LLhsp": -0.07
    },
    "uniform": {
        "AUChsp": 0.5,
        "NSShsp": 0.0,
        "IGhsp": 0.07,
        "LLhsp": 0.0
    },
    "gold_standard": {
        "AUChsp": 0.957,
        "NSShsp": 4.183,
        "IGhsp": 3.174,
        "LLhsp": 3.103
    }
}