{
    "IVSN": {
        "Corr": 0.18994510508338555,
        "AvgMM": 0.8121134521465869,
        "MMvec": 0.8785644255699158,
        "MMdir": 0.6744313059076437,
        "MMlen": 0.8581300137248571,
        "MMpos": 0.8373280633839308,
        "AUC": 0.8064444444444444
    },
    "nnIBS": {
        "Corr": 0.1212473946717294,
        "AvgMM": 0.8462268726927282,
        "MMvec": 0.914276548874921,
        "MMdir": 0.6895339947289911,
        "MMlen": 0.9018702255573097,
        "MMpos": 0.8792267216096914,
        "AUC": 0.5246666666666666
    },
    "IRL": {
        "Corr": 0.022934046814856304,
        "AvgMM": 0.8087912285705293,
        "MMvec": 0.8888979457301798,
        "MMdir": 0.645050113578315,
        "MMlen": 0.8729695932848232,
        "MMpos": 0.8282472616888001,
        "AUC": 0.7565555555555555
    },
    "Humans": {
        "AUC": 0.7852555555555556
    }
}