{
    "Humans": {
        "AUCperf": 0.802,
        "AvgMM": 0.88,
        "MMvec": [
            0.933,
            0.031
        ],
        "MMdir": [
            0.767,
            0.113
        ],
        "MMlen": [
            0.918,
            0.037
        ],
        "MMpos": [
            0.902,
            0.04
        ]
    },
    "IVSN": {
        "AUCperf": 0.734,
        "Corr": 0.10916440891862453,
        "AvgMM": 0.807,
        "MMvec": [
            0.877,
            0.04
        ],
        "MMdir": [
            0.676,
            0.124
        ],
        "MMlen": [
            0.853,
            0.065
        ],
        "MMpos": [
            0.822,
            0.072
        ],
        "AUChsp": 0.636,
        "NSShsp": 1.129,
        "IGhsp": -3.682,
        "LLhsp": -3.729
    },
    "nnIBS": {
        "AUCperf": 0.46,
        "Corr": 0.2345604206876786,
        "AvgMM": 0.853,
        "MMvec": [
            0.918,
            0.028
        ],
        "MMdir": [
            0.696,
            0.117
        ],
        "MMlen": [
            0.915,
            0.038
        ],
        "MMpos": [
            0.884,
            0.042
        ],
        "AUChsp": 0.834,
        "NSShsp": 1.509,
        "IGhsp": 0.681,
        "LLhsp": 0.543
    },
    "IRL": {
        "AUCperf": 0.728,
        "Corr": 0.07395911715279856,
        "AvgMM": 0.797,
        "MMvec": [
            0.88,
            0.045
        ],
        "MMdir": [
            0.648,
            0.122
        ],
        "MMlen": [
            0.851,
            0.072
        ],
        "MMpos": [
            0.811,
            0.081
        ],
        "AUChsp": 0.801,
        "NSShsp": 2.566,
        "IGhsp": -1.404,
        "LLhsp": -1.546
    },
    "center_bias": {
        "AUChsp": 0.716,
        "NSShsp": 0.516,
        "IGhsp": 0.0,
        "LLhsp": -0.07
    },
    "uniform": {
        "AUChsp": 0.5,
        "NSShsp": 0.0,
        "IGhsp": 0.07,
        "LLhsp": 0.0
    },
    "gold_standard": {
        "AUChsp": 0.957,
        "NSShsp": 4.196,
        "IGhsp": 3.174,
        "LLhsp": 3.103
    },
    "eccNET": {
        "AUCperf": 0.492,
        "Corr": 0.20403179680286265,
        "AvgMM": 0.845,
        "MMvec": [
            0.923,
            0.029
        ],
        "MMdir": [
            0.689,
            0.134
        ],
        "MMlen": [
            0.924,
            0.032
        ],
        "MMpos": [
            0.843,
            0.078
        ],
        "AUChsp": 0.705,
        "NSShsp": 1.106,
        "IGhsp": -0.356,
        "LLhsp": -0.385
    }
}