{
    "Humans": {
        "AUCperf": 0.802,
        "AvgMM": 0.882,
        "MMvec": [
            0.937,
            0.027
        ],
        "MMdir": [
            0.76,
            0.114
        ],
        "MMlen": [
            0.926,
            0.034
        ],
        "MMpos": [
            0.906,
            0.038
        ]
    },
    "nnIBS": {
        "AUCperf": 0.46,
        "Corr": 0.23428130002006978,
        "AvgMM": 0.853,
        "MMvec": [
            0.918,
            0.028
        ],
        "MMdir": [
            0.696,
            0.117
        ],
        "MMlen": [
            0.915,
            0.038
        ],
        "MMpos": [
            0.884,
            0.042
        ],
        "AUChsp": 0.834,
        "NSShsp": 1.509,
        "IGhsp": 0.681,
        "LLhsp": 0.543
    },
    "sIBS": {
        "AUCperf": 0.433,
        "Corr": 0.13518347451622562,
        "AvgMM": 0.851,
        "MMvec": [
            0.919,
            0.028
        ],
        "MMdir": [
            0.684,
            0.124
        ],
        "MMlen": [
            0.917,
            0.037
        ],
        "MMpos": [
            0.885,
            0.042
        ],
        "AUChsp": 0.76,
        "NSShsp": 1.119,
        "IGhsp": 0.447,
        "LLhsp": 0.309
    },
    "cIBS": {
        "AUCperf": 0.419,
        "Corr": 0.20313763373659433,
        "AvgMM": 0.853,
        "MMvec": [
            0.921,
            0.028
        ],
        "MMdir": [
            0.685,
            0.124
        ],
        "MMlen": [
            0.917,
            0.036
        ],
        "MMpos": [
            0.887,
            0.041
        ],
        "AUChsp": 0.768,
        "NSShsp": 1.136,
        "IGhsp": 0.449,
        "LLhsp": 0.311
    },
    "center_bias": {
        "AUChsp": 0.716,
        "NSShsp": 0.516,
        "IGhsp": 0.0,
        "LLhsp": -0.07
    },
    "uniform": {
        "AUChsp": 0.5,
        "NSShsp": 0.0,
        "IGhsp": 0.07,
        "LLhsp": 0.0
    },
    "gold_standard": {
        "AUChsp": 0.957,
        "NSShsp": 4.196,
        "IGhsp": 3.174,
        "LLhsp": 3.103
    }
}