{
    "img063.jpg": [
        0.9237649210500807,
        0.6992109056050081,
        0.9152654494487428,
        0.8040420024584334,
        0.6487083284724188
    ],
    "img175.jpg": [
        0.906563429741752,
        0.7408909044082138,
        0.908597207335166,
        0.8680590013350972,
        0.7309882683831048
    ],
    "img061.jpg": [
        0.9306906624322866,
        0.6625719003327541,
        0.9192702297268207,
        0.782884101454562,
        0.6617255417358829
    ],
    "img146.jpg": [
        0.9275647549947422,
        0.732111980439802,
        0.9151432877024229,
        0.8016715660781275,
        0.6811420420066374
    ],
    "img096.jpg": [
        0.9397119174907405,
        0.7137648110336734,
        0.9269472236418349,
        0.8584846977228728,
        0.6537485498782499
    ],
    "img136.jpg": [
        0.9438118055334872,
        0.6793588978633266,
        0.9445278206428392,
        0.9030961270490946,
        0.6638019120677299
    ],
    "img029.jpg": [
        0.9361260412704292,
        0.7614598350928569,
        0.9296516006703902,
        0.8675420820467443,
        0.6985022419903564
    ],
    "img070.jpg": [
        0.9441656491468786,
        0.7313048223545099,
        0.934692317037438,
        0.7745997049711477,
        0.6138003083465794
    ],
    "img224.jpg": [
        0.9028498955489831,
        0.6625155194056658,
        0.9040936146833178,
        0.7992088707928464,
        0.6512773678456084
    ],
    "img056.jpg": [
        0.9331985230275353,
        0.7069173812156423,
        0.9349398112697147,
        0.8820460185478253,
        0.7333430887063338
    ],
    "img117.jpg": [
        0.9482562991181115,
        0.8356074032958245,
        0.9395466449779505,
        0.9087890975488404,
        0.6564832610142451
    ],
    "img051.jpg": [
        0.9288625281720209,
        0.6570385816658539,
        0.9393090184233097,
        0.7941212131816804,
        0.7125674884226579
    ],
    "img077.jpg": [
        0.9535607966181892,
        0.7871566108958518,
        0.951988350454172,
        0.8934878864845284,
        0.6845857962090177
    ],
    "img163.jpg": [
        0.9420820078206289,
        0.6619277955158189,
        0.9507646893200392,
        0.8335373830469347,
        0.6342945711011269
    ],
    "img141.jpg": [
        0.9435198638919235,
        0.7989449502409912,
        0.924181326400915,
        0.933036809250981,
        0.6754133146385966
    ],
    "img062.jpg": [
        0.9340845241240984,
        0.6621868260911078,
        0.9215980150682388,
        0.8368308036406922,
        0.6826803144352969
    ],
    "img154.jpg": [
        0.9535473852760633,
        0.7684911100127274,
        0.929439900476873,
        0.9378569574581382,
        0.7224224695890452
    ],
    "img182.jpg": [
        0.9430202972356123,
        0.8138934869431005,
        0.9292204156768125,
        0.8760583656561378,
        0.6724586341212526
    ],
    "img196.jpg": [
        0.9555599014291868,
        0.8527611051427012,
        0.9538114997588807,
        0.9127412593718024,
        0.7023209567802342
    ],
    "img038.jpg": [
        0.9360115669716572,
        0.7153032962075755,
        0.9359961833389602,
        0.7777600436534137,
        0.6686051117763896
    ],
    "img238.jpg": [
        0.9190304714080466,
        0.833318246331358,
        0.9221557278902465,
        0.9234673708292692,
        0.7074424118569452
    ],
    "img058.jpg": [
        0.9359325716949205,
        0.6592828557161585,
        0.9432695684588602,
        0.8082876703792283,
        0.731831231540873
    ],
    "img132.jpg": [
        0.9214606741632877,
        0.7463084169673839,
        0.9143204206010781,
        0.8143390875661212,
        0.7070674803220544
    ],
    "img089.jpg": [
        0.9342940112599001,
        0.6798193447916705,
        0.9362611397224428,
        0.8821289663361066,
        0.6950563043116477
    ],
    "img028.jpg": [
        0.9423741702246908,
        0.8945459081078083,
        0.9082747121475397,
        0.9475520563416493,
        0.6790075360459615
    ],
    "img109.jpg": [
        0.9303228600277257,
        0.7640675968495797,
        0.9080984246964849,
        0.887875540263044,
        0.7549547628785239
    ],
    "img180.jpg": [
        0.9190732345134972,
        0.7603523382338344,
        0.8994599821740112,
        0.8550090122018171,
        0.5858674521860429
    ],
    "img067.jpg": [
        0.9472531762571645,
        0.740683154178886,
        0.9424449629858143,
        0.7989168799684961,
        0.7004251257803653
    ],
    "img122.jpg": [
        0.9223127179227036,
        0.7065419815541669,
        0.9108841170539159,
        0.8466836265077634,
        0.6595762528061835
    ],
    "img137.jpg": [
        0.9469483848983219,
        0.8063995850575885,
        0.9302597984806081,
        0.8561777052242782,
        0.6624289741514684
    ],
    "img149.jpg": [
        0.9050503081724632,
        0.6647644383741428,
        0.8821998172795092,
        0.8886647224923478,
        0.7772156584407319
    ],
    "img019.jpg": [
        0.9319107026013643,
        0.7647637860637785,
        0.9222031694451943,
        0.9425274110698131,
        0.734960181856742
    ],
    "img123.jpg": [
        0.9453267564637406,
        0.7659261184078984,
        0.9431184088925969,
        0.8809190601543515,
        0.6621981752254531
    ],
    "img030.jpg": [
        0.9240208135935725,
        0.7378745031991828,
        0.900138882118374,
        0.8997071652386841,
        0.7678374892764976
    ],
    "img100.jpg": [
        0.959014254723549,
        0.8497001792188533,
        0.9519631605435288,
        0.933115411152689,
        0.7166389652247848
    ],
    "img053.jpg": [
        0.9287198891128603,
        0.6749715207890112,
        0.9285104010809035,
        0.78384931482767,
        0.6264203257935046
    ],
    "img071.jpg": [
        0.9218090869740962,
        0.6951485024382889,
        0.9162527759547184,
        0.9098329376796539,
        0.5841653546435831
    ],
    "img174.jpg": [
        0.9154655299056603,
        0.6766511091786697,
        0.9315319939684169,
        0.8267621916807496,
        0.8107359241372668
    ],
    "img140.jpg": [
        0.9182301217173461,
        0.7052042875915785,
        0.936139361888111,
        0.8940229303052705,
        0.7441504139635671
    ],
    "img104.jpg": [
        0.9372832917627549,
        0.7183427449160761,
        0.9303674264925763,
        0.8899639125870517,
        0.6731392160838889
    ],
    "img114.jpg": [
        0.9141316505744321,
        0.902922711073302,
        0.9236099252314703,
        0.8670664215225183,
        0.6798149166208539
    ]
}