{
    "IVSN": {
        "Corr": 0.23370945772840337,
        "AvgMM": 0.7916509408525534,
        "MMvec": 0.8689098064307097,
        "MMdir": 0.6864732435922605,
        "MMlen": 0.8260653026848443,
        "MMpos": 0.7851554107023987,
        "AUC": 0.6470149253731342
    },
    "nnIBS": {
        "Corr": 0.27999702706108026,
        "AvgMM": 0.8391776654142667,
        "MMvec": 0.9103702913864233,
        "MMdir": 0.7129522328739716,
        "MMlen": 0.8988853231481464,
        "MMpos": 0.8345028142485255,
        "AUC": 0.5338308457711443
    },
    "IRL": {
        "Corr": -0.08128966314068908,
        "AvgMM": 0.7950490099557747,
        "MMvec": 0.8855189229069782,
        "MMdir": 0.6518113609550846,
        "MMlen": 0.8524626494365204,
        "MMpos": 0.7904031065245154
    },
    "Humans": {
        "AUC": 0.4209539092629817
    }
}