{
    "Humans": {
        "AUCperf": 0.527,
        "AvgMM": 0.857,
        "MMvec": [
            0.935,
            0.013
        ],
        "MMdir": [
            0.717,
            0.053
        ],
        "MMlen": [
            0.933,
            0.016
        ],
        "MMpos": [
            0.843,
            0.049
        ]
    },
    "cIBS": {
        "AUCperf": 0.542,
        "Corr": 0.04576913982516608,
        "AvgMM": 0.834,
        "MMvec": [
            0.917,
            0.019
        ],
        "MMdir": [
            0.675,
            0.075
        ],
        "MMlen": [
            0.909,
            0.031
        ],
        "MMpos": [
            0.835,
            0.041
        ],
        "AUChsp": 0.736,
        "NSShsp": 1.057,
        "IGhsp": 0.625,
        "LLhsp": 0.182
    },
    "nnIBS": {
        "AUCperf": 0.63,
        "Corr": 0.014341414116964168,
        "AvgMM": 0.825,
        "MMvec": [
            0.906,
            0.023
        ],
        "MMdir": [
            0.674,
            0.068
        ],
        "MMlen": [
            0.895,
            0.04
        ],
        "MMpos": [
            0.826,
            0.043
        ],
        "AUChsp": 0.721,
        "NSShsp": 1.061,
        "IGhsp": 0.757,
        "LLhsp": 0.314
    },
    "sIBS": {
        "AUCperf": 0.613,
        "Corr": 0.13709273387748258,
        "AvgMM": 0.828,
        "MMvec": [
            0.908,
            0.021
        ],
        "MMdir": [
            0.676,
            0.065
        ],
        "MMlen": [
            0.899,
            0.034
        ],
        "MMpos": [
            0.827,
            0.043
        ],
        "AUChsp": 0.722,
        "NSShsp": 1.053,
        "IGhsp": 0.624,
        "LLhsp": 0.181
    },
    "center_bias": {
        "AUChsp": 0.695,
        "NSShsp": 0.705,
        "IGhsp": 0.0,
        "LLhsp": -0.187
    },
    "uniform": {
        "AUChsp": 0.5,
        "NSShsp": 0.0,
        "IGhsp": 0.187,
        "LLhsp": 0.0
    },
    "gold_standard": {
        "AUChsp": 0.863,
        "NSShsp": 2.029,
        "IGhsp": 1.7,
        "LLhsp": 1.513
    }
}