{
    "Humans": {
        "AUCperf": 0.527,
        "AvgMM": 0.859,
        "MMvec": [
            0.936,
            0.014
        ],
        "MMdir": [
            0.722,
            0.057
        ],
        "MMlen": [
            0.932,
            0.017
        ],
        "MMpos": [
            0.846,
            0.052
        ]
    },
    "IVSN": {
        "AUCperf": 0.556,
        "Corr": 0.04796212473081617,
        "AvgMM": 0.786,
        "MMvec": [
            0.878,
            0.036
        ],
        "MMdir": [
            0.64,
            0.073
        ],
        "MMlen": [
            0.848,
            0.066
        ],
        "MMpos": [
            0.777,
            0.057
        ],
        "AUChsp": 0.588,
        "NSShsp": 0.707,
        "IGhsp": -3.311,
        "LLhsp": -3.44
    },
    "nnIBS": {
        "AUCperf": 0.63,
        "Corr": 0.01422014987346526,
        "AvgMM": 0.825,
        "MMvec": [
            0.906,
            0.023
        ],
        "MMdir": [
            0.674,
            0.068
        ],
        "MMlen": [
            0.895,
            0.04
        ],
        "MMpos": [
            0.826,
            0.043
        ],
        "AUChsp": 0.721,
        "NSShsp": 1.061,
        "IGhsp": 0.757,
        "LLhsp": 0.314
    },
    "IRL": {
        "AUCperf": 0.235,
        "Corr": 0.2568029970698009,
        "AvgMM": 0.803,
        "MMvec": [
            0.882,
            0.039
        ],
        "MMdir": [
            0.677,
            0.055
        ],
        "MMlen": [
            0.856,
            0.068
        ],
        "MMpos": [
            0.795,
            0.053
        ],
        "AUChsp": 0.576,
        "NSShsp": 0.498,
        "IGhsp": -5.909,
        "LLhsp": -6.358
    },
    "center_bias": {
        "AUChsp": 0.695,
        "NSShsp": 0.705,
        "IGhsp": 0.0,
        "LLhsp": -0.187
    },
    "uniform": {
        "AUChsp": 0.5,
        "NSShsp": 0.0,
        "IGhsp": 0.187,
        "LLhsp": 0.0
    },
    "gold_standard": {
        "AUChsp": 0.863,
        "NSShsp": 2.029,
        "IGhsp": 1.7,
        "LLhsp": 1.513
    }
}