{
    "Humans": {
        "AUCperf": 0.527,
        "AvgMM": 0.857,
        "MMvec": [
            0.935,
            0.013
        ],
        "MMdir": [
            0.715,
            0.054
        ],
        "MMlen": [
            0.933,
            0.016
        ],
        "MMpos": [
            0.847,
            0.048
        ]
    },
    "nnIBS": {
        "AUCperf": 0.522,
        "Corr": 0.1413675557087808,
        "AvgMM": 0.833,
        "MMvec": [
            0.913,
            0.018
        ],
        "MMdir": [
            0.679,
            0.065
        ],
        "MMlen": [
            0.905,
            0.028
        ],
        "MMpos": [
            0.836,
            0.039
        ],
        "AUChsp": 0.721,
        "NSShsp": 1.16,
        "IGhsp": 0.788,
        "LLhsp": 0.345
    },
    "sIBS": {
        "AUCperf": 0.508,
        "Corr": 0.12291495829927436,
        "AvgMM": 0.832,
        "MMvec": [
            0.912,
            0.02
        ],
        "MMdir": [
            0.678,
            0.069
        ],
        "MMlen": [
            0.904,
            0.032
        ],
        "MMpos": [
            0.836,
            0.037
        ],
        "AUChsp": 0.724,
        "NSShsp": 1.159,
        "IGhsp": 0.791,
        "LLhsp": 0.348
    },
    "cIBS": {
        "AUCperf": 0.479,
        "Corr": 0.24004488472530042,
        "AvgMM": 0.837,
        "MMvec": [
            0.918,
            0.018
        ],
        "MMdir": [
            0.679,
            0.072
        ],
        "MMlen": [
            0.911,
            0.028
        ],
        "MMpos": [
            0.841,
            0.039
        ],
        "AUChsp": 0.737,
        "NSShsp": 1.218,
        "IGhsp": 0.807,
        "LLhsp": 0.363
    },
    "center_bias": {
        "AUChsp": 0.695,
        "NSShsp": 0.705,
        "IGhsp": 0.0,
        "LLhsp": -0.187
    },
    "uniform": {
        "AUChsp": 0.5,
        "NSShsp": 0.0,
        "IGhsp": 0.187,
        "LLhsp": 0.0
    },
    "gold_standard": {
        "AUChsp": 0.863,
        "NSShsp": 2.029,
        "IGhsp": 1.7,
        "LLhsp": 1.513
    }
}