{
    "Humans": {
        "AUCperf": 0.527,
        "AvgMM": 0.859,
        "MMvec": [
            0.936,
            0.014
        ],
        "MMdir": [
            0.722,
            0.057
        ],
        "MMlen": [
            0.932,
            0.017
        ],
        "MMpos": [
            0.846,
            0.052
        ]
    },
    "IVSN": {
        "AUCperf": 0.556,
        "Corr": 0.04796212473081606,
        "AvgMM": 0.786,
        "MMvec": [
            0.878,
            0.036
        ],
        "MMdir": [
            0.64,
            0.073
        ],
        "MMlen": [
            0.848,
            0.066
        ],
        "MMpos": [
            0.777,
            0.057
        ],
        "AUChsp": 0.588,
        "NSShsp": 0.707,
        "IGhsp": -3.311,
        "LLhsp": -3.44
    },
    "nnIBS": {
        "AUCperf": 0.522,
        "Corr": 0.1413675557087808,
        "AvgMM": 0.833,
        "MMvec": [
            0.913,
            0.018
        ],
        "MMdir": [
            0.679,
            0.065
        ],
        "MMlen": [
            0.905,
            0.028
        ],
        "MMpos": [
            0.836,
            0.039
        ],
        "AUChsp": 0.75,
        "NSShsp": 1.158,
        "IGhsp": 0.806,
        "LLhsp": 0.363
    },
    "IRL": {
        "AUCperf": 0.235,
        "Corr": 0.25680299706980103,
        "AvgMM": 0.803,
        "MMvec": [
            0.882,
            0.039
        ],
        "MMdir": [
            0.677,
            0.055
        ],
        "MMlen": [
            0.856,
            0.068
        ],
        "MMpos": [
            0.795,
            0.053
        ],
        "AUChsp": 0.576,
        "NSShsp": 0.498,
        "IGhsp": -5.909,
        "LLhsp": -6.358
    },
    "center_bias": {
        "AUChsp": 0.695,
        "NSShsp": 0.705,
        "IGhsp": 0.0,
        "LLhsp": -0.187
    },
    "uniform": {
        "AUChsp": 0.5,
        "NSShsp": 0.0,
        "IGhsp": 0.187,
        "LLhsp": 0.0
    },
    "gold_standard": {
        "AUChsp": 0.863,
        "NSShsp": 2.029,
        "IGhsp": 1.7,
        "LLhsp": 1.513
    },
    "eccNET": {
        "AUCperf": 0.426,
        "Corr": 0.2351377831502067,
        "AvgMM": 0.829,
        "MMvec": [
            0.931,
            0.014
        ],
        "MMdir": [
            0.66,
            0.082
        ],
        "MMlen": [
            0.937,
            0.016
        ],
        "MMpos": [
            0.789,
            0.072
        ],
        "AUChsp": 0.657,
        "NSShsp": 0.92,
        "IGhsp": -2.359,
        "LLhsp": -2.462
    }
}