{
    "Humans": {
        "AUCperf": 0.527,
        "AvgMM": 0.857,
        "MMvec": [
            0.935,
            0.013
        ],
        "MMdir": [
            0.717,
            0.05
        ],
        "MMlen": [
            0.932,
            0.016
        ],
        "MMpos": [
            0.843,
            0.048
        ]
    },
    "cIBS": {
        "AUCperf": 0.512,
        "AUChsp": 0.736,
        "NSShsp": 1.057,
        "IGhsp": 0.625,
        "LLhsp": 0.182,
        "Corr": 0.11363899922908972,
        "AvgMM": 0.835,
        "MMvec": [
            0.917,
            0.019
        ],
        "MMdir": [
            0.679,
            0.067
        ],
        "MMlen": [
            0.909,
            0.031
        ],
        "MMpos": [
            0.835,
            0.041
        ]
    },
    "sIBS": {
        "AUCperf": 0.588,
        "AUChsp": 0.722,
        "NSShsp": 1.053,
        "IGhsp": 0.624,
        "LLhsp": 0.181,
        "Corr": 0.11099230351632815,
        "AvgMM": 0.827,
        "MMvec": [
            0.908,
            0.021
        ],
        "MMdir": [
            0.677,
            0.062
        ],
        "MMlen": [
            0.898,
            0.034
        ],
        "MMpos": [
            0.826,
            0.043
        ]
    },
    "nnIBS": {
        "AUCperf": 0.63,
        "AUChsp": 0.721,
        "NSShsp": 1.061,
        "IGhsp": 0.757,
        "LLhsp": 0.314,
        "Corr": 0.01434141411696415,
        "AvgMM": 0.825,
        "MMvec": [
            0.906,
            0.023
        ],
        "MMdir": [
            0.674,
            0.068
        ],
        "MMlen": [
            0.895,
            0.04
        ],
        "MMpos": [
            0.826,
            0.043
        ]
    },
    "center_bias": {
        "AUChsp": 0.695,
        "NSShsp": 0.561,
        "IGhsp": 0.0,
        "LLhsp": -0.187
    },
    "uniform": {
        "AUChsp": 0.5,
        "NSShsp": 0.0,
        "IGhsp": 0.187,
        "LLhsp": 0.0
    },
    "gold_standard": {
        "AUChsp": 0.863,
        "NSShsp": 1.985,
        "IGhsp": 1.7,
        "LLhsp": 1.513
    }
}