{
    "Humans": {
        "AUCperf": 0.487,
        "AvgMM": 0.887,
        "MMvec": [
            0.945,
            0.024
        ],
        "MMdir": [
            0.753,
            0.113
        ],
        "MMlen": [
            0.934,
            0.037
        ],
        "MMpos": [
            0.918,
            0.044
        ]
    },
    "IVSN": {
        "AUCperf": 0.757,
        "Corr": -0.004201303123236456,
        "AvgMM": 0.822,
        "MMvec": [
            0.892,
            0.044
        ],
        "MMdir": [
            0.667,
            0.138
        ],
        "MMlen": [
            0.866,
            0.074
        ],
        "MMpos": [
            0.862,
            0.06
        ],
        "AUChsp": 0.605,
        "NSShsp": 1.678,
        "IGhsp": -7.964,
        "LLhsp": -6.964
    },
    "nnIBS": {
        "AUCperf": 0.514,
        "Corr": 0.14482333263060687,
        "AvgMM": 0.862,
        "MMvec": [
            0.925,
            0.033
        ],
        "MMdir": [
            0.713,
            0.127
        ],
        "MMlen": [
            0.913,
            0.05
        ],
        "MMpos": [
            0.896,
            0.048
        ],
        "AUChsp": 0.788,
        "NSShsp": 1.981,
        "IGhsp": -0.386,
        "LLhsp": 0.55
    },
    "IRL": {
        "AUCperf": 0.381,
        "Corr": -0.08432213887182072,
        "AvgMM": 0.797,
        "MMvec": [
            0.884,
            0.04
        ],
        "MMdir": [
            0.646,
            0.123
        ],
        "MMlen": [
            0.843,
            0.074
        ],
        "MMpos": [
            0.813,
            0.072
        ],
        "AUChsp": 0.643,
        "NSShsp": 1.393,
        "IGhsp": -7.103,
        "LLhsp": -6.134
    },
    "center_bias": {
        "AUChsp": 0.805,
        "NSShsp": 1.566,
        "IGhsp": 0.0,
        "LLhsp": 0.948
    },
    "uniform": {
        "AUChsp": 0.5,
        "NSShsp": 0.0,
        "IGhsp": -0.948,
        "LLhsp": 0.0
    },
    "gold_standard": {
        "AUChsp": 0.913,
        "NSShsp": 2.471,
        "IGhsp": 1.028,
        "LLhsp": 1.765
    }
}