{
    "Humans": {
        "AUCperf": 0.487,
        "AvgMM": 0.888,
        "MMvec": [
            0.945,
            0.028
        ],
        "MMdir": [
            0.752,
            0.134
        ],
        "MMlen": [
            0.933,
            0.04
        ],
        "MMpos": [
            0.922,
            0.042
        ]
    },
    "cIBS": {
        "AUCperf": 0.499,
        "Corr": 0.19807865115748746,
        "AvgMM": 0.868,
        "MMvec": [
            0.931,
            0.029
        ],
        "MMdir": [
            0.719,
            0.122
        ],
        "MMlen": [
            0.92,
            0.045
        ],
        "MMpos": [
            0.901,
            0.045
        ],
        "AUChsp": 0.798,
        "NSShsp": 1.961,
        "IGhsp": -0.646,
        "LLhsp": 0.29
    },
    "sIBS": {
        "AUCperf": 0.507,
        "Corr": 0.15751329497162872,
        "AvgMM": 0.863,
        "MMvec": [
            0.925,
            0.034
        ],
        "MMdir": [
            0.714,
            0.131
        ],
        "MMlen": [
            0.913,
            0.05
        ],
        "MMpos": [
            0.899,
            0.041
        ],
        "AUChsp": 0.79,
        "NSShsp": 1.944,
        "IGhsp": -0.649,
        "LLhsp": 0.287
    },
    "nnIBS": {
        "AUCperf": 0.514,
        "Corr": 0.14482303174453537,
        "AvgMM": 0.862,
        "MMvec": [
            0.925,
            0.033
        ],
        "MMdir": [
            0.713,
            0.127
        ],
        "MMlen": [
            0.913,
            0.05
        ],
        "MMpos": [
            0.896,
            0.048
        ],
        "AUChsp": 0.788,
        "NSShsp": 1.981,
        "IGhsp": -0.386,
        "LLhsp": 0.55
    },
    "center_bias": {
        "AUChsp": 0.805,
        "NSShsp": 1.566,
        "IGhsp": 0.0,
        "LLhsp": 0.948
    },
    "uniform": {
        "AUChsp": 0.5,
        "NSShsp": 0.0,
        "IGhsp": -0.948,
        "LLhsp": 0.0
    },
    "gold_standard": {
        "AUChsp": 0.913,
        "NSShsp": 2.471,
        "IGhsp": 1.028,
        "LLhsp": 1.765
    }
}