{
    "IVSN": {
        "Corr": 0.18247230401309492,
        "AvgMM": 0.8134702228323669,
        "MMvec": [
            0.8879204868864468,
            0.041580769917102106
        ],
        "MMdir": [
            0.6670074947839121,
            0.12479384368632764
        ],
        "MMlen": [
            0.8520427189167054,
            0.07758923986117783
        ],
        "MMpos": [
            0.8469101907424034,
            0.07104293157901284
        ],
        "AUC": 0.7547752808988764
    },
    "nnIBS": {
        "Corr": 0.07984716568279306,
        "AvgMM": 0.8478303129772105,
        "MMvec": [
            0.917705364847128,
            0.030139970791631356
        ],
        "MMdir": [
            0.7008827719764731,
            0.11554075827103251
        ],
        "MMlen": [
            0.8951158803290422,
            0.047741141232192336
        ],
        "MMpos": [
            0.8776172347561985,
            0.051006925117065616
        ],
        "AUC": 0.5212359550561797
    },
    "IRL": {
        "Corr": -0.0636633031256385,
        "AvgMM": 0.7954326819024292,
        "MMvec": [
            0.886257370281937,
            0.040100297283639987
        ],
        "MMdir": [
            0.6441545524039136,
            0.11759345649876597
        ],
        "MMlen": [
            0.8394861267820916,
            0.07446083150164279
        ],
        "MMpos": [
            0.8118326781417747,
            0.07390240429464175
        ],
        "AUC": 0.38505617977528084
    },
    "Humans": {
        "AUC": 0.42715478181215905,
        "AvgMM": 0.8883914513123706,
        "MMvec": [
            0.948281768307444,
            0.025175910874532567
        ],
        "MMdir": [
            0.7514844356474243,
            0.11489311944293265
        ],
        "MMlen": [
            0.9323116952342516,
            0.03986402115757016
        ],
        "MMpos": [
            0.9214879060603625,
            0.04596351125224312
        ]
    }
}