{
    "Humans": {
        "AUCperf": 0.487,
        "AvgMM": 0.887,
        "MMvec": [
            0.945,
            0.024
        ],
        "MMdir": [
            0.753,
            0.113
        ],
        "MMlen": [
            0.934,
            0.037
        ],
        "MMpos": [
            0.918,
            0.044
        ]
    },
    "IVSN": {
        "AUCperf": 0.757,
        "Corr": -0.004201303123236478,
        "AvgMM": 0.822,
        "MMvec": [
            0.892,
            0.044
        ],
        "MMdir": [
            0.667,
            0.138
        ],
        "MMlen": [
            0.866,
            0.074
        ],
        "MMpos": [
            0.862,
            0.06
        ],
        "AUChsp": 0.605,
        "NSShsp": 1.678,
        "IGhsp": -7.964,
        "LLhsp": -6.964
    },
    "nnIBS": {
        "AUCperf": 0.496,
        "Corr": 0.2281525855959919,
        "AvgMM": 0.868,
        "MMvec": [
            0.929,
            0.03
        ],
        "MMdir": [
            0.723,
            0.126
        ],
        "MMlen": [
            0.919,
            0.044
        ],
        "MMpos": [
            0.901,
            0.04
        ],
        "AUChsp": 0.866,
        "NSShsp": 2.35,
        "IGhsp": -0.155,
        "LLhsp": 0.781
    },
    "IRL": {
        "AUCperf": 0.381,
        "Corr": -0.08432213887182073,
        "AvgMM": 0.797,
        "MMvec": [
            0.884,
            0.04
        ],
        "MMdir": [
            0.646,
            0.123
        ],
        "MMlen": [
            0.843,
            0.074
        ],
        "MMpos": [
            0.813,
            0.072
        ],
        "AUChsp": 0.643,
        "NSShsp": 1.393,
        "IGhsp": -7.103,
        "LLhsp": -6.134
    },
    "center_bias": {
        "AUChsp": 0.805,
        "NSShsp": 1.646,
        "IGhsp": 0.0,
        "LLhsp": 0.948
    },
    "uniform": {
        "AUChsp": 0.5,
        "NSShsp": 0.0,
        "IGhsp": -0.948,
        "LLhsp": 0.0
    },
    "gold_standard": {
        "AUChsp": 0.913,
        "NSShsp": 2.497,
        "IGhsp": 1.028,
        "LLhsp": 1.765
    },
    "eccNET": {
        "AUCperf": 0.567,
        "Corr": 0.1346361036858753,
        "AvgMM": 0.857,
        "MMvec": [
            0.926,
            0.031
        ],
        "MMdir": [
            0.697,
            0.134
        ],
        "MMlen": [
            0.923,
            0.035
        ],
        "MMpos": [
            0.879,
            0.063
        ],
        "AUChsp": 0.654,
        "NSShsp": 1.26,
        "IGhsp": -3.868,
        "LLhsp": -2.896
    }
}