{
    "Humans": {
        "AUCperf": 0.487,
        "AvgMM": 0.888,
        "MMvec": [
            0.946,
            0.028
        ],
        "MMdir": [
            0.752,
            0.133
        ],
        "MMlen": [
            0.933,
            0.041
        ],
        "MMpos": [
            0.922,
            0.044
        ]
    },
    "nnIBS": {
        "AUCperf": 0.496,
        "Corr": 0.2281525855959919,
        "AvgMM": 0.868,
        "MMvec": [
            0.929,
            0.03
        ],
        "MMdir": [
            0.723,
            0.126
        ],
        "MMlen": [
            0.919,
            0.044
        ],
        "MMpos": [
            0.901,
            0.04
        ],
        "AUChsp": 0.866,
        "NSShsp": 2.35,
        "IGhsp": -0.155,
        "LLhsp": 0.781
    },
    "sIBS": {
        "AUCperf": 0.488,
        "Corr": 0.21757647328182797,
        "AvgMM": 0.867,
        "MMvec": [
            0.928,
            0.032
        ],
        "MMdir": [
            0.72,
            0.122
        ],
        "MMlen": [
            0.917,
            0.048
        ],
        "MMpos": [
            0.903,
            0.038
        ],
        "AUChsp": 0.789,
        "NSShsp": 2.07,
        "IGhsp": -0.341,
        "LLhsp": 0.595
    },
    "cIBS": {
        "AUCperf": 0.483,
        "Corr": 0.23673075949233668,
        "AvgMM": 0.871,
        "MMvec": [
            0.932,
            0.028
        ],
        "MMdir": [
            0.726,
            0.118
        ],
        "MMlen": [
            0.922,
            0.041
        ],
        "MMpos": [
            0.904,
            0.04
        ],
        "AUChsp": 0.797,
        "NSShsp": 2.117,
        "IGhsp": -0.334,
        "LLhsp": 0.602
    },
    "center_bias": {
        "AUChsp": 0.805,
        "NSShsp": 1.646,
        "IGhsp": 0.0,
        "LLhsp": 0.948
    },
    "uniform": {
        "AUChsp": 0.5,
        "NSShsp": 0.0,
        "IGhsp": -0.948,
        "LLhsp": 0.0
    },
    "gold_standard": {
        "AUChsp": 0.913,
        "NSShsp": 2.497,
        "IGhsp": 1.028,
        "LLhsp": 1.765
    }
}