{
    "IVSN": {
        "Corr": 0.18247230401309492,
        "AvgMM": 0.8134702228323669,
        "MMvec": 0.8879204868864468,
        "MMdir": 0.6670074947839121,
        "MMlen": 0.8520427189167054,
        "MMpos": 0.8469101907424034,
        "AUC": 0.7547752808988764
    },
    "nnIBS": {
        "Corr": 0.07984716568279306,
        "AvgMM": 0.8478303129772105,
        "MMvec": 0.917705364847128,
        "MMdir": 0.7008827719764731,
        "MMlen": 0.8951158803290422,
        "MMpos": 0.8776172347561985,
        "AUC": 0.5212359550561797
    },
    "IRL": {
        "Corr": -0.0636633031256385,
        "AvgMM": 0.7954326819024292,
        "MMvec": 0.886257370281937,
        "MMdir": 0.6441545524039136,
        "MMlen": 0.8394861267820916,
        "MMpos": 0.8118326781417747,
        "AUC": 0.38505617977528084
    },
    "Humans": {
        "AUC": 0.42715478181215905
    }
}