{
    "grayscale_55_oliva.jpg": {
        "AUC": 0.5813906095731752,
        "NSS": 0.24101420110622815,
        "IG": -3.9505178119829756,
        "LL": -4.50697288167026
    },
    "grayscale_56_oliva.jpg": {
        "AUC": 0.5420141673182967,
        "NSS": 0.24441144695561126,
        "IG": -5.650817930534536,
        "LL": -6.0122068800670325
    },
    "grayscale_5_housebeautiful.jpg": {
        "AUC": 0.5905205965909092,
        "NSS": 0.7299565184663492,
        "IG": -6.791119441953589,
        "LL": -4.837370378984402
    },
    "grayscale_15_opensource.jpg": {
        "AUC": 0.7059014024170274,
        "NSS": 0.8184005281488536,
        "IG": -4.092907754807809,
        "LL": -3.3070848360801866
    },
    "grayscale_1_kitchen.jpg": {
        "AUC": 0.5915738987652354,
        "NSS": 0.15826140090711185,
        "IG": -4.667530806516043,
        "LL": -5.564685124162763
    },
    "grayscale_27_housebeautiful.jpg": {
        "AUC": 0.5415546509944126,
        "NSS": 0.45207908749770354,
        "IG": -5.410507130219225,
        "LL": -7.202157036427617
    },
    "grayscale_2_housebeautiful.jpg": {
        "AUC": 0.6685521455540986,
        "NSS": 0.8110178010480086,
        "IG": -5.821983950229602,
        "LL": -5.326849981175032
    },
    "grayscale_36_housebeautiful.jpg": {
        "AUC": 0.5731156809573003,
        "NSS": 0.16959233778566662,
        "IG": -5.0255544269615875,
        "LL": -4.491494867417901
    },
    "grayscale_44_oliva.jpg": {
        "AUC": 0.6450720103928809,
        "NSS": 0.6710717761675198,
        "IG": -4.12011195923622,
        "LL": -3.6585136461271452
    },
    "grayscale_58_oliva.jpg": {
        "AUC": 0.7040281819331986,
        "NSS": 0.8067325954453333,
        "IG": -0.27857458776430744,
        "LL": -1.7669415120977685
    },
    "grayscale_61_oliva.jpg": {
        "AUC": 0.5044659127954767,
        "NSS": 0.14057713950690048,
        "IG": -3.4480535902087452,
        "LL": -4.328314163943758
    },
    "grayscale_65_oliva.jpg": {
        "AUC": 0.4114047651681286,
        "NSS": 0.06826630232830186,
        "IG": -3.6285647349379846,
        "LL": -4.796634444755829
    },
    "grayscale_7_housebeautiful.jpg": {
        "AUC": 0.5817205602944303,
        "NSS": 0.0938522124756143,
        "IG": -6.922254176284041,
        "LL": -7.690362518359817
    },
    "grayscale_85_oliva.jpg": {
        "AUC": 0.5428301945602522,
        "NSS": 0.14887578089547782,
        "IG": -2.9691357442649404,
        "LL": -3.8391488015811364
    },
    "grayscale_98_oliva.jpg": {
        "AUC": 0.42794199693535645,
        "NSS": 0.0280995044113634,
        "IG": -7.490493968598525,
        "LL": -7.979894683909788
    },
    "grayscale_84_oliva.jpg": {
        "AUC": 0.612545445261438,
        "NSS": 0.1723963773831858,
        "IG": -4.908514711348281,
        "LL": -4.857296847543684
    },
    "grayscale_1_housebeautiful.jpg": {
        "AUC": 0.5336676748796403,
        "NSS": 0.08777785364690989,
        "IG": -10.422008746226116,
        "LL": -11.553195566975
    },
    "grayscale_10_kitchen.jpg": {
        "AUC": 0.7011493874893707,
        "NSS": 0.6542585699255762,
        "IG": -2.719563495725567,
        "LL": -3.441250598883122
    },
    "grayscale_14_housebeautiful.jpg": {
        "AUC": 0.652419189869474,
        "NSS": 0.6621487666455197,
        "IG": 1.2436787269290093,
        "LL": -3.873126316797514
    },
    "grayscale_1_oliva.jpg": {
        "AUC": 0.631987852661167,
        "NSS": 0.42638374844882665,
        "IG": -2.9703343240502593,
        "LL": -4.395746572490782
    },
    "grayscale_20_opensource.jpg": {
        "AUC": 0.6565738544766865,
        "NSS": 0.6586319226954299,
        "IG": -5.041245103303903,
        "LL": -3.940362162513671
    },
    "grayscale_21_opensource.jpg": {
        "AUC": 0.64861727994228,
        "NSS": 0.5971047704940353,
        "IG": -5.507509109553208,
        "LL": -5.894442531273431
    },
    "grayscale_28_oliva.jpg": {
        "AUC": 0.7814929883104226,
        "NSS": 2.0555729144790074,
        "IG": -0.15188530151252272,
        "LL": -1.8462038432180592
    },
    "grayscale_33_oliva.jpg": {
        "AUC": 0.7009588424185466,
        "NSS": 1.482710621144169,
        "IG": -3.256914979303489,
        "LL": -3.985184418936713
    },
    "grayscale_35_oliva.jpg": {
        "AUC": 0.5529929582303382,
        "NSS": 0.2968339812024546,
        "IG": -8.658241146835588,
        "LL": -7.282249469528013
    },
    "grayscale_4_housebeautiful.jpg": {
        "AUC": 0.5583810641181735,
        "NSS": 0.4838650393191817,
        "IG": -7.739922456215395,
        "LL": -9.134455874329303
    },
    "grayscale_4_other.jpg": {
        "AUC": 0.5774496303491333,
        "NSS": 0.34400680196845845,
        "IG": -7.084374182186137,
        "LL": -7.208194171634558
    },
    "grayscale_53_oliva.jpg": {
        "AUC": 0.688459763380044,
        "NSS": 0.7342863336169401,
        "IG": -2.415654073548459,
        "LL": -3.0740046367646436
    },
    "grayscale_15_oliva.jpg": {
        "AUC": 0.6971022594041062,
        "NSS": 0.29572407252677696,
        "IG": -4.416462427356292,
        "LL": -4.309544433525034
    },
    "grayscale_23_oliva.jpg": {
        "AUC": 0.47334748352465983,
        "NSS": 0.0527519363851749,
        "IG": -5.5676624985031085,
        "LL": -7.722518720291226
    },
    "grayscale_100_oliva.jpg": {
        "AUC": 0.5193691871279762,
        "NSS": 0.6463758383240464,
        "IG": -5.963302382313158,
        "LL": -5.318840372543389
    },
    "grayscale_10_housebeautiful.jpg": {
        "AUC": 0.5207817413522012,
        "NSS": 0.5631857650778131,
        "IG": -3.143125398494802,
        "LL": -5.35363221686096
    },
    "grayscale_12_housebeautiful.jpg": {
        "AUC": 0.49834630987811795,
        "NSS": 0.32916043226375946,
        "IG": -7.641593387027042,
        "LL": -8.267752125845158
    },
    "grayscale_14_kitchen.jpg": {
        "AUC": 0.6446734923595531,
        "NSS": 0.5222742389887349,
        "IG": -3.5289438727104887,
        "LL": -4.274615823788711
    },
    "grayscale_16_opensource.jpg": {
        "AUC": 0.5788461191205844,
        "NSS": 0.17599248376669518,
        "IG": -2.1753007324861358,
        "LL": -3.564304673163192
    },
    "grayscale_17_opensource.jpg": {
        "AUC": 0.5949800786293387,
        "NSS": 0.07862779762262745,
        "IG": -6.595968446981103,
        "LL": -7.40133751071892
    },
    "grayscale_18_housebeautiful.jpg": {
        "AUC": 0.5631468047288359,
        "NSS": 0.3673206888912482,
        "IG": -5.095251814595915,
        "LL": -6.160674630878239
    },
    "grayscale_28_housebeautiful.jpg": {
        "AUC": 0.3949474158653846,
        "NSS": 0.2668406376007526,
        "IG": -3.4815663848441525,
        "LL": -5.2196900734585885
    },
    "grayscale_30_opensource.jpg": {
        "AUC": 0.5081471638513166,
        "NSS": 0.5660765731477919,
        "IG": -7.42091202288034,
        "LL": -7.9742917442463925
    },
    "grayscale_43_oliva.jpg": {
        "AUC": 0.5369207964778279,
        "NSS": 0.4767309090203603,
        "IG": -15.314310974709056,
        "LL": -16.20439101735288
    },
    "grayscale_4_oliva.jpg": {
        "AUC": 0.6097618708730962,
        "NSS": 0.3150562063649438,
        "IG": -4.0422572629800415,
        "LL": -4.018822174026178
    },
    "grayscale_54_oliva.jpg": {
        "AUC": 0.5172817824308367,
        "NSS": 0.1689697882684983,
        "IG": -6.32176046528511,
        "LL": -6.670378226631596
    },
    "grayscale_6_airbnb.jpg": {
        "AUC": 0.4466749844221435,
        "NSS": 0.5886955874894203,
        "IG": -4.713755239494804,
        "LL": -6.155192582754517
    },
    "grayscale_86_oliva.jpg": {
        "AUC": 0.5487714356575963,
        "NSS": 2.621580212744907,
        "IG": -3.2782435832939476,
        "LL": -3.8609076742677115
    },
    "grayscale_94_oliva.jpg": {
        "AUC": 0.5780594424231349,