{
    "grayscale_10_opensource.jpg": {
        "AUC": 0.6783880739795918,
        "NSS": 1.279778046992605,
        "IG": 18.630176551078037
    },
    "grayscale_55_oliva.jpg": {
        "AUC": 0.5761954602415127,
        "NSS": 0.03775034395318485,
        "IG": 21.76506457707172
    },
    "grayscale_56_oliva.jpg": {
        "AUC": 0.5420141673182968,
        "NSS": 0.07715678434034882,
        "IG": 21.205801440869784
    },
    "grayscale_5_housebeautiful.jpg": {
        "AUC": 0.5924581473214285,
        "NSS": 0.4955099502652908,
        "IG": 1.6670971455826595
    },
    "grayscale_15_opensource.jpg": {
        "AUC": 0.7059014024170276,
        "NSS": 0.6895407144202286,
        "IG": 13.486989273575318
    },
    "grayscale_1_kitchen.jpg": {
        "AUC": 0.5931023903073652,
        "NSS": 0.01005548704283339,
        "IG": 22.49502569334813
    },
    "grayscale_27_housebeautiful.jpg": {
        "AUC": 0.5382377131123021,
        "NSS": 0.2502058735229763,
        "IG": 25.30895370232725
    },
    "grayscale_2_housebeautiful.jpg": {
        "AUC": 0.6673042049716157,
        "NSS": 0.7121206792900556,
        "IG": 9.23392833834491
    },
    "grayscale_36_housebeautiful.jpg": {
        "AUC": 0.5724165590564738,
        "NSS": 0.03235204009434564,
        "IG": 10.796219097277525
    },
    "grayscale_44_oliva.jpg": {
        "AUC": 0.645072010392881,
        "NSS": 0.5118710719282623,
        "IG": 18.862970630362703
    },
    "grayscale_58_oliva.jpg": {
        "AUC": 0.7040281819331984,
        "NSS": 0.6888690073821246,
        "IG": 29.39616321977864
    },
    "grayscale_61_oliva.jpg": {
        "AUC": 0.5011474604145243,
        "NSS": -0.14395889837160333,
        "IG": 30.394812396746527
    },
    "grayscale_65_oliva.jpg": {
        "AUC": 0.4114047651681288,
        "NSS": -0.152954649316704,
        "IG": 24.825908166223687
    },
    "grayscale_7_housebeautiful.jpg": {
        "AUC": 0.5755457401059382,
        "NSS": -0.039459554083960666,
        "IG": 16.222385165971136
    },
    "grayscale_85_oliva.jpg": {
        "AUC": 0.5353834962171722,
        "NSS": -0.06420629858580744,
        "IG": 23.779532268451604
    },
    "grayscale_98_oliva.jpg": {
        "AUC": 0.4227860174981269,
        "NSS": -0.13471702902982902,
        "IG": 15.124594709596638
    },
    "grayscale_84_oliva.jpg": {
        "AUC": 0.6062362132352942,
        "NSS": 0.0059409164818643775,
        "IG": 18.58196350981375
    },
    "grayscale_1_housebeautiful.jpg": {
        "AUC": 0.5283901853659254,
        "NSS": 0.008770020404198909,
        "IG": 15.259643003803845
    },
    "grayscale_10_kitchen.jpg": {
        "AUC": 0.6980969321322278,
        "NSS": 0.5754105501278926,
        "IG": 20.5935847458434
    },
    "grayscale_14_housebeautiful.jpg": {
        "AUC": 0.6487775302743344,
        "NSS": 0.4916617129173244,
        "IG": 28.876849180523045
    },
    "grayscale_1_oliva.jpg": {
        "AUC": 0.6194257219617005,
        "NSS": 0.2500169635225649,
        "IG": 24.499684513126606
    },
    "grayscale_21_opensource.jpg": {
        "AUC": 0.6392745910339661,
        "NSS": 0.4494946672572563,
        "IG": 15.934161381593421
    },
    "grayscale_28_oliva.jpg": {
        "AUC": 0.777516836994633,
        "NSS": 1.9874895262787036,
        "IG": 30.296906835662128
    },
    "grayscale_33_oliva.jpg": {
        "AUC": 0.6947932820332082,
        "NSS": 1.3929085190042205,
        "IG": 25.86939202725381
    },
    "grayscale_35_oliva.jpg": {
        "AUC": 0.5502659004407053,
        "NSS": 0.13175536661630388,
        "IG": 4.802255695153538
    },
    "grayscale_4_housebeautiful.jpg": {
        "AUC": 0.542777206734238,
        "NSS": 0.2801858719995723,
        "IG": 21.942123920240483
    },
    "grayscale_4_other.jpg": {
        "AUC": 0.574087088180128,
        "NSS": 0.22964443199040568,
        "IG": 20.14324232070979
    },
    "grayscale_53_oliva.jpg": {
        "AUC": 0.6637895264457764,
        "NSS": 0.5559407450096606,
        "IG": 19.601467259641378
    },
    "grayscale_15_oliva.jpg": {
        "AUC": 0.6971022594041061,
        "NSS": 0.20179033864505347,
        "IG": 15.762464588090054
    },
    "grayscale_23_oliva.jpg": {
        "AUC": 0.47034455383715973,
        "NSS": -0.12214138888796387,
        "IG": 27.112099783578063
    },
    "grayscale_100_oliva.jpg": {
        "AUC": 0.5122151692708334,
        "NSS": 0.32464166631322655,
        "IG": 14.411088928054255
    },
    "grayscale_10_housebeautiful.jpg": {
        "AUC": 0.5079258294753084,
        "NSS": 0.43298140063976376,
        "IG": 30.402158627962976
    },
    "grayscale_12_housebeautiful.jpg": {
        "AUC": 0.49560462726757376,
        "NSS": 0.13058545452064516,
        "IG": 19.76714717045792
    },
    "grayscale_14_kitchen.jpg": {
        "AUC": 0.6422009362850236,
        "NSS": 0.40822678955415553,
        "IG": 22.989041422849763
    },
    "grayscale_16_opensource.jpg": {
        "AUC": 0.5718360810044608,
        "NSS": 0.014507170792483134,
        "IG": 26.125899136129703
    },
    "grayscale_17_opensource.jpg": {
        "AUC": 0.5868639223532315,
        "NSS": -0.030666095877587254,
        "IG": 18.079369470477797
    },
    "grayscale_18_housebeautiful.jpg": {
        "AUC": 0.5508716561368698,
        "NSS": 0.158321409906815,
        "IG": 24.584628400252605
    },
    "grayscale_28_housebeautiful.jpg": {
        "AUC": 0.39426382211538463,
        "NSS": -0.12349672687902016,
        "IG": 24.984265496576988
    },
    "grayscale_30_opensource.jpg": {
        "AUC": 0.5058641327453004,
        "NSS": 0.44976438497451876,
        "IG": 21.2227690803771
    },
    "grayscale_43_oliva.jpg": {
        "AUC": 0.5325779032599345,
        "NSS": 0.3631820169190083,
        "IG": 15.754493175474698
    },
    "grayscale_4_oliva.jpg": {
        "AUC": 0.5998099783379385,
        "NSS": 0.16431881504511905,
        "IG": 21.276303213375744
    },
    "grayscale_54_oliva.jpg": {
        "AUC": 0.5154080388270353,
        "NSS": -0.04592106729935128,
        "IG": 17.398224712773885
    },
    "grayscale_6_airbnb.jpg": {
        "AUC": 0.44153920546782766,
        "NSS": 0.32899437491959194,
        "IG": 22.47396207093495
    },
    "grayscale_86_oliva.jpg": {
        "AUC": 0.5462978094883786,
        "NSS": 2.5455284187584355,
        "IG": 22.24233734680934
    },
    "grayscale_94_oliva.jpg": {
        "AUC": 0.5742271091633756,
        "NSS": 0.19596348052381837,
        "IG": 23.437900439741068
    },
    "grayscale_20_opensource.jpg": {
        "AUC": 0.6565738544766865,
        "NSS": 0.48077263038077783,
        "IG": 14.667832619994563
    }
}