{
    "grayscale_10_opensource.jpg": {
        "AUC": 0.6783880739795916,
        "NSS": 1.279778046992605,
        "IG": -4.173933601812841
    },
    "grayscale_55_oliva.jpg": {
        "AUC": 0.5813906095731753,
        "NSS": 0.04205278500767349,
        "IG": -4.884490031233549
    },
    "grayscale_56_oliva.jpg": {
        "AUC": 0.5420141673182967,
        "NSS": 0.07715678434034882,
        "IG": -6.830754618497379
    },
    "grayscale_5_housebeautiful.jpg": {
        "AUC": 0.5905205965909092,
        "NSS": 0.4716280340622697,
        "IG": -5.8836408075743885
    },
    "grayscale_15_opensource.jpg": {
        "AUC": 0.7059014024170273,
        "NSS": 0.6895407144202286,
        "IG": -4.120502880385263
    },
    "grayscale_1_kitchen.jpg": {
        "AUC": 0.5915738987652353,
        "NSS": 0.012895910829632243,
        "IG": -6.322033526580671
    },
    "grayscale_27_housebeautiful.jpg": {
        "AUC": 0.5415546509944127,
        "NSS": 0.2522287394338015,
        "IG": -7.2859227509294335
    },
    "grayscale_2_housebeautiful.jpg": {
        "AUC": 0.6685521455540987,
        "NSS": 0.712121698814453,
        "IG": -6.214243493385133
    },
    "grayscale_36_housebeautiful.jpg": {
        "AUC": 0.5731156809573001,
        "NSS": 0.032507472104073044,
        "IG": -5.424677008304888
    },
    "grayscale_44_oliva.jpg": {
        "AUC": 0.6450720103928811,
        "NSS": 0.5118710719282623,
        "IG": -4.443167678784072
    },
    "grayscale_58_oliva.jpg": {
        "AUC": 0.7040281819331985,
        "NSS": 0.6888690073821248,
        "IG": -2.424199284968267
    },
    "grayscale_61_oliva.jpg": {
        "AUC": 0.5044659127954766,
        "NSS": -0.14200117968499631,
        "IG": -3.9882024421818536
    },
    "grayscale_65_oliva.jpg": {
        "AUC": 0.4114047651681288,
        "NSS": -0.15295464931670408,
        "IG": -5.201254881895363
    },
    "grayscale_7_housebeautiful.jpg": {
        "AUC": 0.5817205602944303,
        "NSS": -0.03955552529539741,
        "IG": -8.199687644853302
    },
    "grayscale_85_oliva.jpg": {
        "AUC": 0.542830194560252,
        "NSS": -0.059998536472583144,
        "IG": -4.366902415908988
    },
    "grayscale_98_oliva.jpg": {
        "AUC": 0.4279419969353564,
        "NSS": -0.13451277235566741,
        "IG": -8.895513527990076
    },
    "grayscale_84_oliva.jpg": {
        "AUC": 0.6125454452614381,
        "NSS": 0.009340321844610635,
        "IG": -5.7721216922907725
    },
    "grayscale_1_housebeautiful.jpg": {
        "AUC": 0.5336676748796401,
        "NSS": 0.0087755244391043,
        "IG": -11.731729745742086
    },
    "grayscale_10_kitchen.jpg": {
        "AUC": 0.7011493874893706,
        "NSS": 0.5758332258743091,
        "IG": -4.47218835080727
    },
    "grayscale_14_housebeautiful.jpg": {
        "AUC": 0.6524191898694741,
        "NSS": 0.49718821354053483,
        "IG": -3.4908165620208504
    },
    "grayscale_1_oliva.jpg": {
        "AUC": 0.6319878526611667,
        "NSS": 0.27908510199978753,
        "IG": -4.609178203719847
    },
    "grayscale_21_opensource.jpg": {
        "AUC": 0.6486172799422799,
        "NSS": 0.46835612347430283,
        "IG": -6.766769390404307
    },
    "grayscale_28_oliva.jpg": {
        "AUC": 0.7814929883104229,
        "NSS": 1.989476524065149,
        "IG": -2.7963415527799507
    },
    "grayscale_33_oliva.jpg": {
        "AUC": 0.7009588424185464,
        "NSS": 1.3944235119071307,
        "IG": -4.3441660196542
    },
    "grayscale_35_oliva.jpg": {
        "AUC": 0.5529929582303381,
        "NSS": 0.14024052538651832,
        "IG": -8.346085706374529
    },
    "grayscale_4_housebeautiful.jpg": {
        "AUC": 0.5583810641181735,
        "NSS": 0.2987596590746766,
        "IG": -9.869186071669834
    },
    "grayscale_4_other.jpg": {
        "AUC": 0.5774496303491332,
        "NSS": 0.23425643523103365,
        "IG": -7.752146031367316
    },
    "grayscale_53_oliva.jpg": {
        "AUC": 0.6884597633800442,
        "NSS": 0.5916962969833863,
        "IG": -4.05758145169586
    },
    "grayscale_15_oliva.jpg": {
        "AUC": 0.6971022594041061,
        "NSS": 0.2017903386450534,
        "IG": -5.578112719392236
    },
    "grayscale_23_oliva.jpg": {
        "AUC": 0.47334748352465994,
        "NSS": -0.12200594242599745,
        "IG": -8.029216406225789
    },
    "grayscale_100_oliva.jpg": {
        "AUC": 0.5193691871279762,
        "NSS": 0.340631194271776,
        "IG": -6.574242540490742
    },
    "grayscale_10_housebeautiful.jpg": {
        "AUC": 0.5207817413522011,
        "NSS": 0.4438712903859108,
        "IG": -5.210444795495878
    },
    "grayscale_12_housebeautiful.jpg": {
        "AUC": 0.49834630987811795,
        "NSS": 0.13074267938823855,
        "IG": -8.868882499072102
    },
    "grayscale_14_kitchen.jpg": {
        "AUC": 0.6446734923595531,
        "NSS": 0.4085880487350344,
        "IG": -4.847602339766265
    },
    "grayscale_16_opensource.jpg": {
        "AUC": 0.5788461191205845,
        "NSS": 0.017602776992315834,
        "IG": -4.24712914648959
    },
    "grayscale_17_opensource.jpg": {
        "AUC": 0.5949800786293385,
        "NSS": -0.029253767403983316,
        "IG": -8.233911357097822
    },
    "grayscale_18_housebeautiful.jpg": {
        "AUC": 0.563146804728836,
        "NSS": 0.1675051035659741,
        "IG": -6.692544374343401
    },
    "grayscale_28_housebeautiful.jpg": {
        "AUC": 0.3949474158653846,
        "NSS": -0.12354935938604036,
        "IG": -5.38793158412175
    },
    "grayscale_30_opensource.jpg": {
        "AUC": 0.5081471638513169,
        "NSS": 0.4498833678791629,
        "IG": -8.582448413774259
    },
    "grayscale_43_oliva.jpg": {
        "AUC": 0.5369207964778278,
        "NSS": 0.3671769409735351,
        "IG": -16.548114326915307
    },
    "grayscale_4_oliva.jpg": {
        "AUC": 0.6097618708730962,
        "NSS": 0.17309231171491965,
        "IG": -4.055218519732836
    },
    "grayscale_54_oliva.jpg": {
        "AUC": 0.5172817824308367,
        "NSS": -0.04532497131349198,
        "IG": -7.717343551142342
    },
    "grayscale_6_airbnb.jpg": {
        "AUC": 0.44667498442214343,
        "NSS": 0.33427561105990383,
        "IG": -6.608973366646662
    },
    "grayscale_86_oliva.jpg": {
        "AUC": 0.5487714356575963,
        "NSS": 2.5456271384521827,
        "IG": -4.708989261626539
    },
    "grayscale_94_oliva.jpg": {
        "AUC": 0.5780594424231349,
        "NSS": 0.19983780870779072,
        "IG": -4.750025169828656
    },
    "grayscale_20_opensource.jpg": {
        "AUC": 0.6565738544766865,
        "NSS": 0.4807726303807778,
        "IG": -3.8924331879483094
    }
}