{
    "grayscale_100_oliva.jpg": [
        0.9508663925309722,
        0.80870083113,
        0.9443406719805768,
        0.9007620873260737,
        0.5665809080235978
    ],
    "grayscale_58_oliva.jpg": [
        0.9220979892284681,
        0.820062069522297,
        0.9072722776631048,
        0.8392912951630419,
        0.6541650605867264
    ],
    "grayscale_85_oliva.jpg": [
        0.9122336713093495,
        0.6567984800231963,
        0.9108041717816346,
        0.809741724422865,
        0.6260075713047567
    ],
    "grayscale_65_oliva.jpg": [
        0.9137617451459001,
        0.6734788978334393,
        0.9133015345811534,
        0.8226566574639238,
        0.5678458557273618
    ],
    "grayscale_36_housebeautiful.jpg": [
        0.9449483144961937,
        0.7456469414615505,
        0.9384601592949388,
        0.8823159584748286,
        0.5982790952716065
    ],
    "grayscale_20_opensource.jpg": [
        0.9398698664545988,
        0.754806120674361,
        0.930210185968623,
        0.8566557444173227,
        0.6068497992965834
    ],
    "grayscale_18_housebeautiful.jpg": [
        0.9297834854268531,
        0.7049394490023966,
        0.9360196209844589,
        0.8634920185552645,
        0.5549272383243545
    ],
    "grayscale_14_housebeautiful.jpg": [
        0.888815614659022,
        0.6940694196227846,
        0.8842650013920167,
        0.8035621484692851,
        0.5485778873947027
    ],
    "grayscale_4_oliva.jpg": [
        0.9206173329733148,
        0.7402999035118843,
        0.9206891550676027,
        0.8321867957811744,
        0.5883307627023283
    ],
    "grayscale_17_opensource.jpg": [
        0.919225545063866,
        0.7032895030648868,
        0.8979601927020282,
        0.7929223227999773,
        0.590144046345799
    ],
    "grayscale_61_oliva.jpg": [
        0.9336085373873743,
        0.774186030427646,
        0.9296478149667518,
        0.8795079096686027,
        0.6527237666297858
    ],
    "grayscale_33_oliva.jpg": [
        0.9218831108980601,
        0.7989284680707505,
        0.9044491684955063,
        0.8897820971975763,
        0.6028315488628331
    ],
    "grayscale_10_opensource.jpg": [
        0.9228312910035971,
        0.6470380285563184,
        0.9165932494230373,
        0.8183691312184818,
        0.6535745331076235
    ],
    "grayscale_27_housebeautiful.jpg": [
        0.9034720153170642,
        0.7647376512723474,
        0.8860173303402383,
        0.7652773258284323,
        0.6495789510361877
    ],
    "grayscale_1_oliva.jpg": [
        0.9150839407982898,
        0.676684608816564,
        0.9036093295964693,
        0.8263700701998765,
        0.6304169803126022
    ],
    "grayscale_44_oliva.jpg": [
        0.9332205695367366,
        0.7747335238932617,
        0.9260189453639189,
        0.8663099960396343,
        0.6194532628473971
    ],
    "grayscale_86_oliva.jpg": [
        0.9231758458129427,
        0.7992530923597474,
        0.8942637668705511,
        0.8482223347942375,
        0.557405091105482
    ],
    "grayscale_28_housebeautiful.jpg": [
        0.9137123102046839,
        0.7580758573396511,
        0.8973284054238896,
        0.8597726987585782,
        0.5920192690680596
    ],
    "grayscale_10_housebeautiful.jpg": [
        0.9371427778264182,
        0.8676291392424559,
        0.9145514178562312,
        0.9017415152192254,
        0.5767046282092053
    ],
    "grayscale_6_airbnb.jpg": [
        0.914549102708043,
        0.7499891341311465,
        0.9077696433130021,
        0.8120980118427511,
        0.6737252863401821
    ],
    "grayscale_4_housebeautiful.jpg": [
        0.9411459364559216,
        0.7807917422157272,
        0.9273655703811948,
        0.8497683702210161,
        0.6768771093846645
    ],
    "grayscale_2_housebeautiful.jpg": [
        0.9349323415011399,
        0.7194910657431893,
        0.927212244301533,
        0.8554877843708255,
        0.6210104066475726
    ],
    "grayscale_43_oliva.jpg": [
        0.9291502297858915,
        0.7443151211465934,
        0.9169843813954119,
        0.8559150804637121,
        0.6026765906949713
    ],
    "grayscale_14_kitchen.jpg": [
        0.9381007374831295,
        0.851529579841601,
        0.9248109392359366,
        0.8388600776323918,
        0.6520806963889817
    ],
    "grayscale_28_oliva.jpg": [
        0.9377870764262223,
        0.787316339119336,
        0.9339660181433195,
        0.8544854499284611,
        0.5529134201957236
    ],
    "grayscale_94_oliva.jpg": [
        0.9258106244841944,
        0.7771963697296608,
        0.9018556492450122,
        0.8165094382029958,
        0.6409780494869688
    ],
    "grayscale_4_other.jpg": [
        0.9207625984250012,
        0.7003188749165689,
        0.9111455589776813,
        0.8062919670559627,
        0.5676560419644961
    ],
    "grayscale_15_oliva.jpg": [
        0.9489838401009921,
        0.7408874637371763,
        0.9459453826454212,
        0.8738238241740681,
        0.6495118389923668
    ],
    "grayscale_5_housebeautiful.jpg": [
        0.9471233383317164,
        0.7111942810068279,
        0.9453485187136206,
        0.882736191093443,
        0.564907334813541
    ],
    "grayscale_7_housebeautiful.jpg": [
        0.9271845796496029,
        0.7940806291036017,
        0.9048700020538933,
        0.8364024501271609,
        0.5922775727058275
    ],
    "grayscale_23_oliva.jpg": [
        0.9337108584954418,
        0.6880094583375947,
        0.9294530910394125,
        0.8762064141660062,
        0.6028807949908804
    ],
    "grayscale_30_opensource.jpg": [
        0.9356691191945268,
        0.7013405081489509,
        0.9342570747930463,
        0.8434365125940332,
        0.6397301783648338
    ],
    "grayscale_15_opensource.jpg": [
        0.9277352161811989,
        0.7517405289768524,
        0.9185095666242479,
        0.8119493022437098,
        0.5788735690760974
    ],
    "grayscale_56_oliva.jpg": [
        0.9202893775544311,
        0.6719326214922625,
        0.9090388061832229,
        0.8218592971352979,
        0.5731163871504826
    ],
    "grayscale_21_opensource.jpg": [
        0.9247388182949853,
        0.6391572596908816,
        0.9173601035590998,
        0.8419465261754842,
        0.5969410486920222
    ],
    "grayscale_1_kitchen.jpg": [
        0.9266766294357307,
        0.735802124001612,
        0.9191156293195193,
        0.8417305997164684,
        0.6143098802947695
    ],
    "grayscale_16_opensource.jpg": [
        0.915429783131322,
        0.7813570602538197,
        0.8912221508544002,
        0.7859210221620554,
        0.6239345251022307
    ],
    "grayscale_12_housebeautiful.jpg": [
        0.9299379281938073,
        0.7038453604164085,
        0.919299498650483,
        0.8431861665136205,
        0.5979698465270662
    ],
    "grayscale_54_oliva.jpg": [
        0.9480850634350084,
        0.7563031978272401,
        0.9551742113009428,
        0.8887550760325491,
        0.5956269352961597
    ],
    "grayscale_84_oliva.jpg": [
        0.9230872468384304,
        0.6797076814097394,
        0.9186939795857397,
        0.8228140597129465,
        0.6380608102580624
    ],
    "grayscale_98_oliva.jpg": [
        0.9355158949798676,
        0.6941841946314622,
        0.9284287902585386,
        0.8352436034476107,
        0.6020684828642426
    ],
    "grayscale_55_oliva.jpg": [
        0.9289478778211829,
        0.7644161042983965,
        0.9182622994530295,
        0.8391138107326122,
        0.6317420463430162
    ],
    "grayscale_1_housebeautiful.jpg": [
        0.9226105699944647,
        0.7422033793781012,
        0.9252767767386614,
        0.8410904953282112,
        0.5827867944250342
    ],
    "grayscale_35_oliva.jpg": [
        0.9239803966297887,
        0.7030480208957166,
        0.9150319123197347,
        0.818389527635341,
        0.5890177050316864
    ],