{
    "grayscale_100_oliva.jpg": [
        0.9508663925309717,
        0.8087008311300008,
        0.9443406719805769,
        0.900762087326073,
        0.5665809080235982
    ],
    "grayscale_14_housebeautiful.jpg": [
        0.8888156146590218,
        0.6940694196227837,
        0.8842650013920161,
        0.8035621484692862,
        0.5485778873947017
    ],
    "grayscale_6_airbnb.jpg": [
        0.9145491027080433,
        0.749989134131146,
        0.9077696433130025,
        0.8120980118427514,
        0.6737252863401818
    ],
    "grayscale_28_oliva.jpg": [
        0.937787076426223,
        0.7873163391193354,
        0.9339660181433187,
        0.8544854499284609,
        0.552913420195724
    ],
    "grayscale_12_housebeautiful.jpg": [
        0.9299379281938065,
        0.7038453604164083,
        0.9192994986504834,
        0.8431861665136204,
        0.5979698465270666
    ],
    "grayscale_2_housebeautiful.jpg": [
        0.9349323415011395,
        0.7194910657431898,
        0.9272122443015327,
        0.8554877843708258,
        0.6210104066475726
    ],
    "grayscale_15_opensource.jpg": [
        0.9277352161812,
        0.7517405289768525,
        0.9185095666242488,
        0.81194930224371,
        0.5788735690760972
    ],
    "grayscale_33_oliva.jpg": [
        0.9218831108980586,
        0.798928468070751,
        0.9044491684955063,
        0.8897820971975762,
        0.6028315488628329
    ],
    "grayscale_44_oliva.jpg": [
        0.9332205695367356,
        0.7747335238932617,
        0.9260189453639204,
        0.8663099960396351,
        0.6194532628473973
    ],
    "grayscale_65_oliva.jpg": [
        0.9137617451459006,
        0.673478897833439,
        0.9133015345811537,
        0.822656657463924,
        0.5678458557273619
    ],
    "grayscale_36_housebeautiful.jpg": [
        0.9449483144961932,
        0.745646941461551,
        0.9384601592949376,
        0.8823159584748277,
        0.5982790952716068
    ],
    "grayscale_14_kitchen.jpg": [
        0.9381007374831302,
        0.8515295798416009,
        0.9248109392359363,
        0.8388600776323905,
        0.6520806963889817
    ],
    "grayscale_17_opensource.jpg": [
        0.9192255450638657,
        0.7032895030648861,
        0.8979601927020275,
        0.7929223227999772,
        0.5901440463457984
    ],
    "grayscale_1_oliva.jpg": [
        0.9150839407982909,
        0.6766846088165644,
        0.9036093295964698,
        0.8263700701998768,
        0.6304169803126014
    ],
    "grayscale_16_opensource.jpg": [
        0.9154297831313217,
        0.7813570602538195,
        0.8912221508543988,
        0.7859210221620567,
        0.623934525102231
    ],
    "grayscale_20_opensource.jpg": [
        0.9398698664545986,
        0.7548061206743604,
        0.9302101859686243,
        0.8566557444173236,
        0.606849799296583
    ],
    "grayscale_1_kitchen.jpg": [
        0.9266766294357306,
        0.7358021240016114,
        0.9191156293195184,
        0.8417305997164697,
        0.61430988029477
    ],
    "grayscale_86_oliva.jpg": [
        0.9231758458129425,
        0.7992530923597474,
        0.894263766870551,
        0.8482223347942368,
        0.5574050911054815
    ],
    "grayscale_27_housebeautiful.jpg": [
        0.9034720153170634,
        0.7647376512723474,
        0.8860173303402389,
        0.7652773258284323,
        0.6495789510361879
    ],
    "grayscale_43_oliva.jpg": [
        0.9291502297858912,
        0.7443151211465934,
        0.9169843813954116,
        0.8559150804637119,
        0.6026765906949713
    ],
    "grayscale_98_oliva.jpg": [
        0.9355158949798675,
        0.6941841946314622,
        0.9284287902585386,
        0.8352436034476102,
        0.6020684828642424
    ],
    "grayscale_21_opensource.jpg": [
        0.9247388182949853,
        0.6391572596908819,
        0.9173601035591005,
        0.8419465261754836,
        0.5969410486920226
    ],
    "grayscale_61_oliva.jpg": [
        0.9336085373873751,
        0.774186030427646,
        0.9296478149667518,
        0.8795079096686024,
        0.6527237666297855
    ],
    "grayscale_53_oliva.jpg": [
        0.9122649961594999,
        0.6493523956043272,
        0.9139999880146407,
        0.879366988044201,
        0.6053515923849391
    ],
    "grayscale_23_oliva.jpg": [
        0.9337108584954413,
        0.6880094583375947,
        0.9294530910394125,
        0.8762064141660061,
        0.60288079499088
    ],
    "grayscale_28_housebeautiful.jpg": [
        0.9137123102046837,
        0.7580758573396502,
        0.8973284054238897,
        0.8597726987585793,
        0.5920192690680599
    ],
    "grayscale_94_oliva.jpg": [
        0.9258106244841944,
        0.7771963697296612,
        0.9018556492450116,
        0.8165094382029949,
        0.6409780494869689
    ],
    "grayscale_15_oliva.jpg": [
        0.9489838401009919,
        0.7408874637371754,
        0.945945382645422,
        0.8738238241740672,
        0.649511838992366
    ],
    "grayscale_30_opensource.jpg": [
        0.9356691191945263,
        0.7013405081489507,
        0.9342570747930458,
        0.8434365125940332,
        0.639730178364834
    ],
    "grayscale_1_housebeautiful.jpg": [
        0.9226105699944643,
        0.7422033793781013,
        0.9252767767386615,
        0.8410904953282103,
        0.5827867944250344
    ],
    "grayscale_18_housebeautiful.jpg": [
        0.9297834854268533,
        0.7049394490023966,
        0.9360196209844586,
        0.8634920185552646,
        0.5549272383243544
    ],
    "grayscale_54_oliva.jpg": [
        0.9480850634350082,
        0.7563031978272406,
        0.9551742113009425,
        0.8887550760325491,
        0.5956269352961596
    ],
    "grayscale_4_oliva.jpg": [
        0.9206173329733149,
        0.740299903511884,
        0.9206891550676024,
        0.8321867957811743,
        0.5883307627023284
    ],
    "grayscale_7_housebeautiful.jpg": [
        0.927184579649603,
        0.7940806291036017,
        0.9048700020538937,
        0.8364024501271611,
        0.5922775727058277
    ],
    "grayscale_58_oliva.jpg": [
        0.9220979892284696,
        0.8200620695222965,
        0.9072722776631046,
        0.8392912951630422,
        0.6541650605867256
    ],
    "grayscale_85_oliva.jpg": [
        0.9122336713093487,
        0.6567984800231962,
        0.9108041717816358,
        0.8097417244228653,
        0.6260075713047578
    ],
    "grayscale_35_oliva.jpg": [
        0.9239803966297885,
        0.7030480208957166,
        0.9150319123197349,
        0.8183895276353412,
        0.5890177050316866
    ],
    "grayscale_55_oliva.jpg": [
        0.9289478778211832,
        0.7644161042983965,
        0.9182622994530291,
        0.8391138107326117,
        0.6317420463430168
    ],
    "grayscale_84_oliva.jpg": [
        0.9230872468384306,
        0.679707681409739,
        0.9186939795857398,
        0.8228140597129465,
        0.6380608102580623
    ],
    "grayscale_4_other.jpg": [
        0.920762598425001,
        0.7003188749165692,
        0.9111455589776816,
        0.8062919670559628,
        0.5676560419644958
    ],
    "grayscale_56_oliva.jpg": [
        0.9202893775544301,
        0.6719326214922628,
        0.9090388061832236,
        0.8218592971352984,
        0.573116387150482
    ],
    "grayscale_5_housebeautiful.jpg": [
        0.9471233383317167,
        0.7111942810068274,
        0.9453485187136208,
        0.8827361910934424,
        0.5649073348135407
    ],
    "grayscale_10_kitchen.jpg": [
        0.9064100273084036,
        0.6057157820268327,
        0.876147714909537,
        0.8494279336529796,
        0.4827684889012022
    ],
    "grayscale_10_opensource.jpg": [
        0.9228312910035973,
        0.6470380285563185,
        0.9165932494230375,
        0.8183691312184819,
        0.6535745331076237
    ],