{
    "grayscale_35_oliva.jpg": [
        0.9218496329137497,
        0.692046907643686,
        0.9140744123971126,
        0.8165949999333665,
        0.5900995108248973
    ],
    "grayscale_56_oliva.jpg": [
        0.9202778545423893,
        0.6725457394048447,
        0.90926704073714,
        0.8218389664075403,
        0.5736887783203413
    ],
    "grayscale_65_oliva.jpg": [
        0.9142287408970058,
        0.67553922675908,
        0.914358646321575,
        0.8228099079527188,
        0.5690538086331322
    ],
    "grayscale_15_oliva.jpg": [
        0.9494989310286208,
        0.7354426159233813,
        0.9468787804826122,
        0.8737609648416866,
        0.6521546585634486
    ],
    "grayscale_28_housebeautiful.jpg": [
        0.9136595367697228,
        0.7581375256488073,
        0.8972369287158144,
        0.8598946204872877,
        0.5920192690680602
    ],
    "grayscale_1_kitchen.jpg": [
        0.9265903723924075,
        0.7250482531660466,
        0.9189396712272638,
        0.8400970204465018,
        0.6117571689715425
    ],
    "grayscale_28_oliva.jpg": [
        0.9380904791892958,
        0.7846295952676294,
        0.9342162456269096,
        0.8538801552423797,
        0.5534727346223332
    ],
    "grayscale_85_oliva.jpg": [
        0.9144062468664628,
        0.6649330275409142,
        0.9095933239736007,
        0.8112630619194124,
        0.6174335193086282
    ],
    "grayscale_14_housebeautiful.jpg": [
        0.8892382223835116,
        0.693733054740913,
        0.8848327847365784,
        0.8038833520846718,
        0.5460266768390619
    ],
    "grayscale_5_housebeautiful.jpg": [
        0.9469225026245197,
        0.7057406756449934,
        0.9432896672787128,
        0.882655412492759,
        0.564726211074169
    ],
    "grayscale_2_housebeautiful.jpg": [
        0.934962251539888,
        0.7191049321465324,
        0.9273027700062487,
        0.855698079570801,
        0.6215060640235969
    ],
    "grayscale_1_oliva.jpg": [
        0.9149508038757154,
        0.6719717261871727,
        0.9035131451914539,
        0.8252403342741325,
        0.6344293773977467
    ],
    "grayscale_44_oliva.jpg": [
        0.933211905325241,
        0.7748786910248519,
        0.925952155122507,
        0.8663341093181731,
        0.6194553619528009
    ],
    "grayscale_18_housebeautiful.jpg": [
        0.9310035368065999,
        0.70246200994789,
        0.9355277651076644,
        0.8597249175881871,
        0.5517241194286417
    ],
    "grayscale_54_oliva.jpg": [
        0.9490663454331871,
        0.7628473046135503,
        0.9541627101863657,
        0.8868636323873299,
        0.5851071170102807
    ],
    "grayscale_84_oliva.jpg": [
        0.9241653825589764,
        0.6809604111966692,
        0.9200098857408721,
        0.8228799389175198,
        0.6375262232915719
    ],
    "grayscale_58_oliva.jpg": [
        0.9220433576678242,
        0.8201758853693372,
        0.9072968132592605,
        0.8392344253017271,
        0.6545910782305836
    ],
    "grayscale_12_housebeautiful.jpg": [
        0.930668941696849,
        0.7010548707034431,
        0.9189937046847545,
        0.8421622498494018,
        0.589646014295563
    ],
    "grayscale_94_oliva.jpg": [
        0.9258941223896366,
        0.7777012133051634,
        0.9019589940006655,
        0.8165079985298392,
        0.6409061369220507
    ],
    "grayscale_17_opensource.jpg": [
        0.9192846626005551,
        0.700978465367231,
        0.8980456139367322,
        0.7943970148773124,
        0.5881795900006024
    ],
    "grayscale_4_oliva.jpg": [
        0.9205651987942263,
        0.7394755764174415,
        0.9206664976542361,
        0.8321564470140413,
        0.5881763286851781
    ],
    "grayscale_100_oliva.jpg": [
        0.9504634503842508,
        0.7876748579702351,
        0.9430607708733592,
        0.9010110666325969,
        0.5675946987185342
    ],
    "grayscale_4_other.jpg": [
        0.9208957715278032,
        0.6906531480341073,
        0.909380758738306,
        0.8056018431188687,
        0.5696883912455636
    ],
    "grayscale_15_opensource.jpg": [
        0.9297949276615559,
        0.7615123249134504,
        0.9194541129467046,
        0.8162273005197893,
        0.5844924996289792
    ],
    "grayscale_61_oliva.jpg": [
        0.9336954257578023,
        0.7725822161197342,
        0.9302138767895153,
        0.8788560685658097,
        0.6415738040570393
    ],
    "grayscale_33_oliva.jpg": [
        0.9212723017547717,
        0.7906107868495782,
        0.9031409076886788,
        0.8881613602489343,
        0.605490516047814
    ],
    "grayscale_16_opensource.jpg": [
        0.9159201913664908,
        0.7840364305159633,
        0.8917021420689405,
        0.7874742568617101,
        0.6248272242522998
    ],
    "grayscale_20_opensource.jpg": [
        0.9407355979172352,
        0.753357237040386,
        0.9314340681163754,
        0.8578679393865625,
        0.6124241672930888
    ],
    "grayscale_6_airbnb.jpg": [
        0.9163313531372135,
        0.7592701140500984,
        0.909660691260322,
        0.8168932366960351,
        0.6728069968226285
    ],
    "grayscale_21_opensource.jpg": [
        0.9247545838611959,
        0.6391664707102398,
        0.9174025423865511,
        0.841929562082346,
        0.5969410486920226
    ],
    "grayscale_55_oliva.jpg": [
        0.9288728173835348,
        0.7637826044968904,
        0.9181812420178226,
        0.8391838955158957,
        0.6306996012849875
    ],
    "grayscale_86_oliva.jpg": [
        0.9220163956614698,
        0.789342347312797,
        0.8929958636652353,
        0.8449518832154901,
        0.5583172077844298
    ],
    "grayscale_14_kitchen.jpg": [
        0.9381261305601082,
        0.8513269973113651,
        0.9248322552483594,
        0.8388245005775014,
        0.652754058065644
    ],
    "grayscale_23_oliva.jpg": [
        0.9337542928888405,
        0.6882249560029029,
        0.92968289534667,
        0.8759601656671404,
        0.60238297474701
    ],
    "grayscale_36_housebeautiful.jpg": [
        0.9439411280014776,
        0.7397582110619553,
        0.9377296205790392,
        0.877520219316709,
        0.5983915276066061
    ],
    "grayscale_30_opensource.jpg": [
        0.9356964239656772,
        0.7023687967331429,
        0.9341881993573324,
        0.8435323028859595,
        0.6394504276176027
    ],
    "grayscale_1_housebeautiful.jpg": [
        0.9225400475718049,
        0.7409847933358504,
        0.9255818537275129,
        0.8411098721416278,
        0.583936877875358
    ],
    "grayscale_98_oliva.jpg": [
        0.9363378449780423,
        0.6845001468515954,
        0.9277543152006512,
        0.8349348364806305,
        0.6092446691703384
    ],
    "grayscale_53_oliva.jpg": [
        0.9229519492818377,
        0.7602737617840296,
        0.9183006883995903,
        0.8778326647431672,
        0.6424734994210985
    ],
    "grayscale_7_housebeautiful.jpg": [
        0.9272290952419608,
        0.7939086889288238,
        0.9050069746817698,
        0.8363978663824063,
        0.5922775727058274
    ],
    "grayscale_10_kitchen.jpg": [
        0.9063657983832537,
        0.6053240279295762,
        0.8763699949919764,
        0.8495579244132311,
        0.4827684889012022
    ],
    "grayscale_10_opensource.jpg": [
        0.9265183707144883,
        0.6605212462482916,
        0.9213584690835643,
        0.8252016660502846,
        0.6640547291953417
    ],
    "grayscale_27_housebeautiful.jpg": [
        0.9035849124033136,
        0.7645801298518587,
        0.8857699268288323,
        0.7649960726266929,
        0.649236953772166
    ],
    "grayscale_43_oliva.jpg": [
        0.9291761527109583,
        0.743985918501276,
        0.9168791848239388,
        0.8560255116150264,
        0.602676590694971
    ],