{
    "grayscale_1_housebeautiful.jpg": {
        "AUC": 0.6641812468035742,
        "NSS": 0.5746528285240827,
        "IG": 0.018441192182426448
    },
    "grayscale_1_kitchen.jpg": {
        "AUC": 0.7584322628791099,
        "NSS": 0.8861930958806369,
        "IG": -0.39245471444333446
    },
    "grayscale_1_oliva.jpg": {
        "AUC": 0.6612366015720592,
        "NSS": 0.5145354159751705,
        "IG": -0.7640875857530788
    },
    "grayscale_1_opensource.jpg": {
        "AUC": 0.6952012564606602,
        "NSS": 0.9043271481550342,
        "IG": -0.41587518605368745
    },
    "grayscale_2_housebeautiful.jpg": {
        "AUC": 0.7868914877285418,
        "NSS": 1.6171747169714519,
        "IG": -1.0737469267815343
    },
    "grayscale_2_oliva.jpg": {
        "AUC": 0.7494578880321066,
        "NSS": 0.68556067785676,
        "IG": -0.08258637001184434
    },
    "grayscale_2_opensource.jpg": {
        "AUC": 0.7561565770618677,
        "NSS": 1.276190617522042,
        "IG": -0.4051992959070535
    },
    "grayscale_3_kitchen.jpg": {
        "AUC": 0.7833394282475973,
        "NSS": 1.0054756107360832,
        "IG": 0.7129751185653
    },
    "grayscale_3_oliva.jpg": {
        "AUC": 0.8096134246341765,
        "NSS": 2.1594618649877275,
        "IG": -0.06310463954448564
    },
    "grayscale_3_other.jpg": {
        "AUC": 0.6522479306299207,
        "NSS": 0.7204530496180309,
        "IG": -0.4914975653376447
    },
    "grayscale_4_housebeautiful.jpg": {
        "AUC": 0.5351518220639313,
        "NSS": 0.1355336119142914,
        "IG": -0.8265897234116116
    },
    "grayscale_4_kitchen.jpg": {
        "AUC": 0.5690597278878529,
        "NSS": 0.21855244676365743,
        "IG": -0.49593163438093696
    },
    "grayscale_4_oliva.jpg": {
        "AUC": 0.7555162305916141,
        "NSS": 0.839705859928163,
        "IG": 0.34619030780128385
    },
    "grayscale_4_other.jpg": {
        "AUC": 0.7079798863891359,
        "NSS": 0.8649172510325097,
        "IG": -0.26775456688182253
    },
    "grayscale_5_housebeautiful.jpg": {
        "AUC": 0.9045030381944443,
        "NSS": 2.208586010848886,
        "IG": -0.042843545888965974
    },
    "grayscale_5_oliva.jpg": {
        "AUC": 0.7061375588856401,
        "NSS": 0.7771275487892396,
        "IG": -0.17747953273894554
    },
    "grayscale_5_opensource.jpg": {
        "AUC": 0.6427071291240327,
        "NSS": 0.48505599441704866,
        "IG": -0.16328192185756324
    },
    "grayscale_6_airbnb.jpg": {
        "AUC": 0.6056250751563252,
        "NSS": 0.55089722850925,
        "IG": -0.3175975389524763
    },
    "grayscale_6_housebeautiful.jpg": {
        "AUC": 0.5013024115641304,
        "NSS": 0.051549898849720936,
        "IG": -0.5500061425705307
    },
    "grayscale_6_kitchen.jpg": {
        "AUC": 0.7268699890670555,
        "NSS": 0.5226912337247893,
        "IG": -0.8706076942662506
    },
    "grayscale_6_oliva.jpg": {
        "AUC": 0.6791463991813499,
        "NSS": 1.0729261581798415,
        "IG": -0.03522061303796645
    },
    "grayscale_6_opensource.jpg": {
        "AUC": 0.6409475858634647,
        "NSS": 0.6103256720731207,
        "IG": -0.40312462951694183
    },
    "grayscale_6_other.jpg": {
        "AUC": 0.6618983448376262,
        "NSS": 0.26772488427179725,
        "IG": -0.10142229354024802
    },
    "grayscale_7_housebeautiful.jpg": {
        "AUC": 0.6441787869661754,
        "NSS": 0.6123142129687861,
        "IG": -0.5059701984691588
    },
    "grayscale_7_kitchen.jpg": {
        "AUC": 0.6879503215372184,
        "NSS": 0.6472440093474392,
        "IG": 0.4833233363345007
    },
    "grayscale_7_opensource.jpg": {
        "AUC": 0.6376566943617726,
        "NSS": 0.40680854699050323,
        "IG": -0.6888880684019273
    },
    "grayscale_8_housebeautiful.jpg": {
        "AUC": 0.5833876539765213,
        "NSS": 0.29231455533509715,
        "IG": -0.9322061832783899
    },
    "grayscale_8_kitchen.jpg": {
        "AUC": 0.7822262806637805,
        "NSS": 1.101588604330346,
        "IG": -0.189221086797953
    },
    "grayscale_8_oliva.jpg": {
        "AUC": 0.6367891186545374,
        "NSS": 0.4004812333232364,
        "IG": -0.044162311321352815
    },
    "grayscale_8_other.jpg": {
        "AUC": 0.552954757771164,
        "NSS": 0.1532037733394297,
        "IG": -0.14865486370370679
    },
    "grayscale_9_kitchen.jpg": {
        "AUC": 0.6705328315913403,
        "NSS": 0.10342588749182599,
        "IG": -0.9512306620547182
    },
    "grayscale_9_other.jpg": {
        "AUC": 0.6141481484169258,
        "NSS": 0.3355882615069707,
        "IG": -0.6571900161966332
    },
    "grayscale_10_housebeautiful.jpg": {
        "AUC": 0.6419919827699161,
        "NSS": 0.353088240802912,
        "IG": 0.2382841367466252
    },
    "grayscale_10_kitchen.jpg": {
        "AUC": 0.6098124047796203,
        "NSS": 0.42120652340825143,
        "IG": -1.6484421625445023
    },
    "grayscale_10_oliva.jpg": {
        "AUC": 0.5917088293650794,
        "NSS": 0.29451325344240536,
        "IG": -0.36866093839051495
    },
    "grayscale_11_kitchen.jpg": {
        "AUC": 0.5794654482886906,
        "NSS": 0.3024487752921599,
        "IG": -1.4655119018606515
    },
    "grayscale_11_oliva.jpg": {
        "AUC": 0.7965655759703869,
        "NSS": 1.1550276108355746,
        "IG": -0.15943467516697976
    },
    "grayscale_11_opensource.jpg": {
        "AUC": 0.690318932027742,
        "NSS": 0.7334563712194029,
        "IG": -0.8036825225399274
    },
    "grayscale_12_housebeautiful.jpg": {
        "AUC": 0.69235644235993,
        "NSS": 0.7849428173292079,
        "IG": -0.40743792674546786
    },
    "grayscale_13_kitchen.jpg": {
        "AUC": 0.6758928159387316,
        "NSS": 0.530126439089794,
        "IG": -0.7074066404525653
    },
    "grayscale_13_oliva.jpg": {
        "AUC": 0.6270539481990963,
        "NSS": 0.09762350998268565,
        "IG": -0.6437449314584283
    },
    "grayscale_13_opensource.jpg": {
        "AUC": 0.5094371995192308,
        "NSS": 0.058534645073031515,
        "IG": -0.6044148920284026
    },
    "grayscale_13_other.jpg": {
        "AUC": 0.7078218381475914,
        "NSS": 0.782698642012453,
        "IG": -0.6874279147768247
    },
    "grayscale_14_airbnb.jpg": {
        "AUC": 0.5911908524108581,
        "NSS": 0.3334691644930339,
        "IG": -0.3443588557257824
    },
    "grayscale_14_housebeautiful.jpg": {
        "AUC": 0.6518562655778567,
        "NSS": 0.8532201567239465,
        "IG": 0.2557863978332652
    },
    "grayscale_14_kitchen.jpg": {
        "AUC": 0.7012495967574093,
        "NSS": 0.590943344546777,
        "IG": -0.3525997892077354
    },
    "grayscale_14_oliva.jpg": {
        "AUC": 0.7657012979330001,
        "NSS": 0.7645841917124876,
        "IG": -0.2818414512085543
    },
    "grayscale_14_other.jpg": {
        "AUC": 0.631129423209302,
        "NSS": 0.24712941290981144,
        "IG": -0.2730726677603916
    },
    "grayscale_15_housebeautiful.jpg": {
        "AUC": 0.7057087994673658,
        "NSS": 0.7032805300787937,
        "IG": -0.11203360497707689
    },
    "grayscale_15_kitchen.jpg": {
        "AUC": 0.7490677260487528,
        "NSS": 1.1323870827267861,
        "IG": -0.25154553696565013
    },
    "grayscale_15_oliva.jpg": {
        "AUC": 0.7621205843950873,
        "NSS": 0.9951451518970987,
        "IG": -0.7947493389086296
    },
    "grayscale_15_opensource.jpg": {
        "AUC": 0.7537018999519001,
        "NSS": 1.3005081221263077,
        "IG": -0.29930095167524184
    },
    "grayscale_16_housebeautiful.jpg": {
        "AUC": 0.7118204250257203,
        "NSS": 0.6946950894365779,
        "IG": -0.5221522164601026
    },
    "grayscale_16_oliva.jpg": {
        "AUC": 0.7718073123346564,
        "NSS": 1.124688770167394,
        "IG": -0.1568641633581999
    },
    "grayscale_16_opensource.jpg": {
        "AUC": 0.6808739715932014,
        "NSS": 0.49793437831833604,